engagement_id,article_id,user_id,engagement_type,timestamp
1,1876,8019,comment,2022-07-06 10:27:29
2,1672,2099,share,2025-01-10 06:39:46
3,1222,14020,like,2024-08-08 06:14:52
4,599,14791,view,2022-03-25 08:57:07
5,1787,15087,share,2023-06-27 10:50:09
6,128,9028,comment,2024-08-28 22:32:53
7,1111,20013,view,2024-11-03 06:36:05
8,1393,9706,view,2023-03-08 07:15:04
9,1367,37171,view,2025-01-11 07:28:23
10,331,49806,like,2024-12-20 00:29:44
11,1136,33139,view,2022-03-30 13:12:22
12,197,27286,like,2024-06-30 23:52:29
13,1544,37369,view,2024-06-26 03:11:50
14,605,5111,comment,2024-10-03 20:47:08
15,1519,13242,share,2023-08-04 09:09:40
16,13,47991,read,2024-07-13 02:18:27
17,1110,46030,like,2024-03-16 08:34:49
18,656,20128,like,2023-09-19 13:46:22
19,1757,39168,like,2025-03-07 14:51:38
20,1339,4774,comment,2024-08-04 06:48:41
21,730,17995,read,2023-10-15 22:28:20
22,1806,36593,comment,2022-05-31 17:42:30
23,249,15369,like,2025-02-28 20:47:05
24,796,34942,read,2024-02-26 01:48:36
25,1832,25516,read,2022-09-02 06:53:24
26,79,35365,comment,2024-12-02 23:50:23
27,1607,2376,comment,2022-05-15 10:37:44
28,590,24856,share,2023-12-29 20:53:42
29,1005,30761,comment,2022-05-28 22:11:38
30,456,13708,comment,2023-12-13 23:39:44
31,1858,43657,read,2023-09-23 15:51:17
32,709,26393,share,2023-02-23 23:44:03
33,1380,37519,view,2024-03-10 09:45:21
34,1523,39483,comment,2023-10-23 07:13:20
35,1001,7661,comment,2022-09-10 13:03:18
36,935,38417,view,2023-11-24 20:20:18
37,162,19805,share,2023-04-26 02:58:53
38,270,4779,view,2025-02-28 05:28:44
39,295,6937,view,2024-07-19 21:46:49
40,1611,27129,read,2024-07-20 13:03:36
41,1583,20740,share,2023-06-21 19:07:06
42,985,15442,comment,2023-04-20 20:34:32
43,146,37029,view,2022-07-20 12:52:33
44,6,38017,share,2023-03-09 05:34:23
45,392,1756,read,2023-01-30 19:35:23
46,7,45004,comment,2022-06-16 05:33:41
47,654,25265,like,2022-04-02 00:28:00
48,751,24509,share,2024-08-05 09:58:25
49,129,11602,like,2022-10-21 18:31:42
50,1805,25941,view,2022-09-16 15:23:33
51,169,46335,view,2023-12-22 15:01:16
52,115,36218,comment,2022-05-19 20:46:58
53,822,11203,share,2022-12-12 15:25:56
54,26,12876,comment,2022-04-02 15:51:23
55,997,16518,comment,2022-05-25 05:00:50
56,1707,8851,comment,2022-08-22 21:34:41
57,1991,23743,comment,2024-04-20 11:32:33
58,1080,45260,like,2022-07-28 10:19:51
59,1435,10203,like,2024-04-13 03:00:12
60,283,3234,read,2024-09-16 01:57:01
61,1024,17409,share,2023-12-10 08:26:37
62,255,17976,like,2023-12-10 02:50:36
63,588,15995,share,2024-03-24 18:18:09
64,1582,14538,view,2023-05-28 19:27:58
65,921,24426,read,2022-10-26 17:33:50
66,1511,15642,like,2025-01-02 13:09:19
67,1129,20982,view,2024-07-04 11:34:14
68,1648,21041,comment,2022-09-01 19:08:56
69,74,11305,comment,2023-10-29 00:02:53
70,288,9489,read,2023-05-25 09:50:34
71,385,43846,comment,2022-12-07 12:38:58
72,1114,42721,like,2022-05-13 20:29:45
73,1952,48760,read,2022-06-23 14:21:36
74,1554,45178,like,2023-07-29 07:09:17
75,805,15586,share,2024-05-23 03:20:58
76,259,17392,view,2022-10-15 00:31:37
77,1116,10267,comment,2023-11-05 22:44:49
78,551,38720,read,2023-12-18 11:18:41
79,1358,33362,comment,2023-06-09 21:12:18
80,319,7695,share,2024-05-25 03:20:26
81,1384,8351,share,2024-01-15 13:33:15
82,443,41492,like,2024-01-24 16:18:23
83,1624,12340,view,2023-10-26 10:19:48
84,1599,21788,read,2024-05-31 05:58:16
85,1064,9404,read,2025-02-24 07:43:07
86,225,32390,read,2024-08-16 12:49:41
87,1911,40266,view,2023-10-31 23:46:28
88,1192,46550,view,2024-02-12 19:09:14
89,1576,22533,share,2024-09-09 14:06:36
90,1506,44902,comment,2023-06-01 00:56:26
91,1915,24755,comment,2024-04-20 18:50:45
92,869,29882,share,2024-09-20 06:17:44
93,163,4177,comment,2022-11-17 00:17:46
94,1503,20162,share,2024-01-31 13:56:02
95,112,18766,read,2023-07-27 03:03:11
96,359,35992,share,2023-02-07 00:53:02
97,586,13480,share,2024-07-25 15:04:09
98,1868,13897,comment,2023-12-02 10:30:32
99,1154,24459,share,2024-12-02 21:16:52
100,1522,11910,view,2022-11-27 07:12:51
101,1201,25755,like,2022-12-22 02:18:41
102,1471,46342,share,2023-01-07 15:38:45
103,1193,17534,like,2023-11-12 11:35:43
104,87,45453,read,2024-02-24 16:23:37
105,503,36871,view,2023-08-05 21:37:14
106,1675,24688,read,2022-08-26 01:36:39
107,1071,37699,share,2025-01-22 13:19:34
108,916,46094,view,2022-09-13 18:20:05
109,1003,26275,share,2023-05-12 17:57:24
110,1991,16462,share,2023-03-12 18:46:37
111,208,28549,share,2022-07-04 23:52:04
112,437,12760,like,2023-10-02 03:43:23
113,1057,9065,view,2022-07-03 16:12:40
114,1993,22454,share,2024-03-29 16:17:09
115,28,30843,read,2023-11-30 13:45:42
116,1176,13123,comment,2024-02-16 15:58:13
117,648,8921,like,2025-03-03 21:18:47
118,1328,38454,view,2024-02-19 21:39:33
119,1807,45666,like,2024-01-28 06:38:41
120,1866,23290,view,2022-11-24 04:17:06
121,259,27731,view,2024-08-29 10:15:53
122,487,45275,share,2023-10-23 16:17:15
123,51,17404,share,2024-12-26 03:49:28
124,555,24886,share,2023-10-26 09:26:38
125,753,34334,view,2022-07-14 05:18:51
126,1859,9218,share,2022-06-24 17:02:50
127,1949,46108,share,2023-04-27 00:10:16
128,592,23684,view,2023-07-28 11:03:54
129,1540,13782,read,2023-11-19 11:41:54
130,1479,45801,like,2022-05-18 06:19:15
131,641,20559,view,2022-10-02 23:02:41
132,1507,40950,like,2022-10-19 16:52:55
133,1775,28739,comment,2024-03-01 23:24:47
134,1423,9157,view,2025-01-23 14:54:21
135,342,25792,share,2024-02-26 10:14:33
136,1461,33767,read,2022-09-27 04:29:02
137,1490,48563,read,2024-03-12 07:50:42
138,1703,7315,like,2023-12-03 20:57:27
139,1542,32378,like,2023-05-24 10:58:29
140,1992,46193,view,2023-02-17 03:11:35
141,60,11892,like,2024-01-30 22:34:26
142,1901,35922,comment,2022-09-15 00:56:00
143,842,44395,view,2022-08-28 10:08:29
144,544,16891,view,2022-12-11 16:14:46
145,696,35809,comment,2023-09-21 16:42:46
146,827,41573,share,2023-04-22 09:50:35
147,262,14556,like,2023-07-29 05:17:32
148,1576,40345,comment,2023-06-07 14:18:58
149,96,15346,view,2024-04-09 11:50:48
150,699,42736,like,2024-10-08 19:51:32
151,1258,4473,view,2023-10-11 13:03:23
152,1298,37319,view,2022-10-30 11:15:14
153,647,24198,share,2022-08-31 18:39:38
154,1217,9420,view,2023-03-10 16:08:28
155,1321,29147,like,2023-07-23 09:51:14
156,1555,1310,comment,2025-02-04 22:38:46
157,1823,10151,comment,2024-01-22 05:19:01
158,240,49637,share,2022-10-29 16:11:19
159,298,32526,share,2023-07-01 21:05:26
160,916,23301,comment,2024-07-29 03:51:36
161,1906,28144,read,2022-06-01 10:19:07
162,1328,34097,view,2022-12-03 23:07:18
163,852,24335,comment,2024-04-04 08:02:00
164,1423,33372,comment,2023-10-24 12:17:28
165,1376,19068,share,2022-11-21 23:23:23
166,931,4525,like,2022-04-22 17:13:05
167,1706,4639,view,2023-05-24 06:09:56
168,1205,32551,read,2022-11-25 13:53:59
169,1948,43992,share,2022-06-26 22:11:21
170,1125,29188,comment,2025-02-12 07:56:32
171,1146,46569,comment,2023-03-25 23:14:09
172,1605,43034,view,2022-06-24 18:12:11
173,192,17914,view,2023-03-12 09:23:17
174,1441,42040,like,2025-02-22 14:43:57
175,1752,8075,read,2024-12-12 14:50:15
176,511,22141,like,2023-05-27 06:17:30
177,213,38458,like,2022-07-29 03:15:59
178,498,15755,view,2022-10-07 17:34:43
179,1077,31863,view,2023-09-25 13:10:35
180,1509,42702,view,2024-06-03 08:18:51
181,1437,14800,view,2023-09-26 01:37:36
182,259,28312,like,2024-10-14 05:10:46
183,1209,8268,share,2024-08-21 05:33:12
184,1776,49416,like,2024-08-15 04:20:26
185,1699,14762,view,2023-08-23 00:59:18
186,780,40241,like,2024-12-10 09:53:21
187,1434,10280,share,2022-05-26 08:20:45
188,1031,8845,share,2024-04-11 19:28:25
189,449,8291,like,2024-02-22 09:47:45
190,1241,15496,comment,2022-09-05 11:46:48
191,903,9398,view,2022-07-12 01:24:06
192,568,38364,like,2023-10-22 15:47:20
193,945,36212,like,2022-03-14 07:50:43
194,1623,22979,read,2024-06-04 20:45:15
195,1925,7420,share,2023-11-29 23:57:44
196,296,2132,view,2022-06-05 16:23:05
197,931,13509,share,2023-05-18 11:15:26
198,1308,11191,read,2023-05-04 14:45:04
199,1626,17243,view,2024-09-06 08:36:07
200,426,19300,read,2024-12-23 03:06:17
201,764,29506,comment,2022-10-31 18:45:53
202,1578,22265,view,2024-04-06 09:15:00
203,1635,27337,share,2023-07-09 03:23:59
204,1636,22721,comment,2022-07-27 02:15:36
205,612,37830,like,2023-05-14 00:45:43
206,143,28286,share,2023-04-10 18:26:33
207,651,29267,share,2024-02-14 23:33:15
208,721,1874,view,2023-02-23 15:13:14
209,443,14516,like,2025-02-17 00:45:26
210,1857,29735,read,2023-09-13 23:50:45
211,321,43022,comment,2023-10-28 23:02:19
212,1965,33488,share,2022-04-10 05:00:44
213,447,43545,comment,2022-07-26 04:18:50
214,1017,21782,share,2025-01-04 16:14:36
215,114,21203,read,2022-03-23 10:13:25
216,1079,40345,like,2022-12-23 03:11:29
217,934,24432,read,2024-04-06 14:59:00
218,1890,31724,read,2025-02-14 15:07:16
219,162,2002,comment,2023-01-19 19:29:39
220,996,44275,like,2024-09-13 13:37:11
221,272,33185,like,2025-02-07 02:33:27
222,1740,38862,comment,2023-06-21 20:58:06
223,986,38001,view,2022-07-09 18:28:21
224,1287,2784,read,2025-02-18 05:42:17
225,426,34498,share,2024-05-21 15:55:30
226,72,37785,read,2024-01-02 04:51:57
227,1126,46461,like,2024-04-03 12:23:33
228,1305,18426,like,2024-02-17 02:38:58
229,1502,26727,share,2023-05-07 16:08:01
230,1196,26038,read,2023-03-20 16:11:49
231,1575,30333,read,2024-10-09 19:56:57
232,167,19094,view,2024-12-19 22:47:09
233,139,9615,comment,2022-06-04 00:47:30
234,102,43759,like,2023-07-17 07:11:43
235,865,6817,read,2024-09-26 13:38:04
236,254,26536,read,2024-11-02 19:38:16
237,1996,24293,view,2024-06-30 16:10:24
238,563,32251,comment,2023-10-01 05:26:23
239,608,32157,read,2024-03-01 11:53:29
240,639,17700,like,2023-09-09 14:39:26
241,244,18495,share,2022-05-29 15:44:51
242,1206,49934,like,2023-12-07 13:55:12
243,1754,43426,share,2024-04-16 21:56:16
244,347,31407,read,2024-06-30 21:33:51
245,115,34552,like,2024-12-06 13:38:39
246,117,18037,comment,2022-06-13 05:58:27
247,1416,45125,read,2022-12-29 11:13:20
248,441,43513,read,2022-12-17 17:08:28
249,1585,33005,share,2023-06-24 22:45:20
250,1125,32419,read,2023-11-20 15:22:21
251,177,10638,view,2024-07-05 17:52:50
252,331,7486,view,2023-06-23 14:47:14
253,1761,1363,share,2022-04-21 17:15:55
254,1786,3038,share,2024-06-17 18:14:33
255,671,11640,share,2024-11-04 11:36:21
256,1571,3893,read,2024-02-17 00:54:00
257,1601,10792,comment,2024-08-26 22:34:02
258,561,4686,view,2024-10-01 08:10:00
259,274,32236,like,2023-12-01 15:25:45
260,377,47258,comment,2024-09-19 16:27:35
261,1244,13307,like,2023-01-24 01:03:51
262,1722,3007,comment,2024-06-23 13:32:48
263,1805,21677,share,2023-11-06 17:13:19
264,378,34447,view,2023-01-13 23:36:09
265,663,20427,read,2024-05-29 22:21:05
266,1061,40017,read,2022-07-15 04:47:20
267,209,27394,view,2022-09-26 18:58:42
268,114,44881,read,2023-01-23 03:51:08
269,1090,31922,comment,2022-09-01 10:57:21
270,973,17128,comment,2024-07-15 20:23:33
271,771,35307,view,2023-06-14 04:34:51
272,106,1900,read,2024-09-30 17:54:08
273,1484,39661,comment,2022-03-10 16:02:54
274,544,23296,view,2025-01-29 01:35:24
275,411,41974,like,2023-05-12 04:01:42
276,719,35333,like,2024-01-30 01:56:37
277,255,41687,view,2023-01-31 02:55:08
278,1888,42576,view,2024-09-26 21:31:26
279,1054,10732,view,2025-01-26 01:21:07
280,1050,6286,view,2023-02-25 05:13:21
281,145,11528,comment,2023-07-25 06:52:56
282,85,45105,read,2022-12-04 07:20:00
283,264,49836,view,2024-12-24 10:47:09
284,619,43966,read,2022-08-18 02:16:32
285,995,34966,like,2022-09-28 19:47:04
286,975,43016,like,2024-06-27 00:24:23
287,412,38981,comment,2022-12-26 00:16:42
288,193,29364,read,2024-11-01 10:46:31
289,1166,29756,view,2023-04-27 18:21:37
290,1870,39112,comment,2024-10-12 12:37:29
291,840,49223,share,2023-01-10 04:51:50
292,507,49328,view,2023-10-08 00:10:03
293,1273,16939,view,2023-08-30 09:45:23
294,1208,26945,comment,2023-09-14 13:41:34
295,452,2499,view,2024-07-20 10:25:19
296,891,46726,read,2024-04-26 21:31:43
297,116,49511,like,2023-12-27 04:32:26
298,1874,32993,like,2022-07-21 02:06:08
299,104,31024,like,2024-10-24 18:18:52
300,975,41739,share,2024-06-04 15:34:50
301,1115,34404,like,2024-11-07 20:03:18
302,1287,15309,comment,2022-04-26 15:15:52
303,1765,13767,share,2022-09-12 20:49:03
304,715,7229,comment,2023-11-25 06:40:37
305,83,45795,comment,2023-03-16 10:36:31
306,992,38640,share,2022-05-09 01:08:52
307,892,41185,read,2023-05-06 05:43:41
308,522,9916,comment,2022-07-11 03:54:22
309,1825,21392,like,2025-01-29 17:09:40
310,145,38147,read,2024-09-03 16:53:25
311,88,33029,view,2024-05-20 07:07:48
312,270,10276,comment,2025-02-01 07:23:43
313,743,27944,comment,2023-02-07 04:44:50
314,1873,19683,read,2023-05-12 10:53:45
315,412,44586,read,2022-10-21 02:12:05
316,179,16278,view,2023-11-04 15:35:41
317,1847,49127,read,2024-10-23 23:40:31
318,962,16355,share,2023-05-09 19:22:40
319,1827,21017,view,2024-03-20 13:30:32
320,1131,3961,view,2023-02-08 10:28:37
321,676,13308,comment,2023-11-22 12:28:55
322,961,16391,read,2023-04-29 02:00:18
323,93,13688,comment,2022-04-25 12:22:25
324,1598,23650,like,2022-09-20 09:08:44
325,1113,21934,comment,2025-02-17 09:58:25
326,848,22250,read,2022-09-13 05:31:17
327,614,29415,comment,2023-04-04 10:19:13
328,1116,41876,view,2023-03-06 07:45:39
329,1774,6038,like,2022-07-24 21:26:42
330,209,28528,share,2025-01-10 06:22:33
331,1991,19926,like,2023-08-22 09:08:14
332,1521,29175,share,2022-07-26 14:43:08
333,1600,25411,like,2023-09-11 04:18:05
334,1816,22150,share,2025-01-23 03:08:59
335,277,33040,share,2022-12-28 03:14:57
336,1456,47529,read,2024-03-04 12:12:56
337,1779,23094,comment,2022-11-06 21:22:39
338,983,25301,like,2024-02-03 21:44:06
339,1886,1471,view,2022-09-20 19:51:38
340,895,49841,comment,2024-11-11 23:36:34
341,1532,23296,read,2022-12-05 12:44:18
342,1730,28476,like,2023-05-11 19:05:31
343,158,23812,view,2024-10-26 06:34:38
344,270,44308,like,2022-07-30 08:29:58
345,1757,22420,read,2025-03-03 05:19:27
346,1783,47378,like,2022-11-13 09:15:32
347,805,8142,share,2022-05-12 01:00:56
348,1519,10549,like,2023-05-31 05:40:39
349,919,13380,share,2024-04-16 21:42:50
350,274,32707,view,2023-10-20 01:08:39
351,1840,35999,share,2024-06-10 13:18:19
352,469,33861,like,2023-05-10 01:13:27
353,54,38934,share,2022-11-09 13:57:43
354,1363,44740,like,2024-10-24 23:01:03
355,43,30001,read,2025-02-25 01:01:37
356,1239,1275,comment,2023-11-22 08:35:16
357,320,3989,share,2023-08-01 11:20:20
358,586,20049,share,2022-11-30 18:58:59
359,419,42871,like,2022-08-19 15:17:19
360,556,43940,like,2022-06-27 11:12:11
361,1344,19443,comment,2025-03-04 08:33:01
362,609,18041,like,2024-07-08 04:11:36
363,596,42532,comment,2024-01-22 00:52:53
364,991,10878,like,2025-02-17 16:54:05
365,1914,6811,view,2022-05-08 07:32:54
366,726,30248,like,2023-09-29 13:16:23
367,403,3888,read,2022-06-06 18:56:15
368,176,10231,share,2022-07-02 19:19:25
369,1770,20463,share,2023-02-09 09:10:00
370,1321,40395,share,2023-12-04 10:20:43
371,1695,23589,read,2023-09-27 22:58:31
372,418,16139,read,2023-12-02 21:06:00
373,1900,20754,view,2024-04-13 20:59:54
374,652,29517,read,2023-07-20 15:16:22
375,1069,7537,share,2023-02-03 21:08:11
376,791,32621,comment,2025-01-21 18:43:30
377,416,11041,read,2022-12-20 06:34:46
378,1975,31165,comment,2023-06-02 20:44:33
379,1211,39858,comment,2022-03-19 06:45:05
380,898,15267,view,2025-02-09 15:35:47
381,709,41402,comment,2022-09-27 11:50:48
382,13,8449,read,2023-03-01 00:11:52
383,1001,27948,like,2023-11-05 14:49:58
384,1895,33783,share,2024-04-08 08:39:19
385,895,28794,share,2023-09-02 06:45:50
386,1490,8946,share,2024-05-15 14:35:01
387,1269,2979,comment,2024-04-06 16:00:12
388,1484,31115,read,2022-11-29 18:31:49
389,815,20364,share,2024-05-06 14:28:20
390,1414,23237,read,2024-11-07 10:41:45
391,92,25434,comment,2023-10-30 09:35:17
392,150,2890,read,2024-12-01 17:08:44
393,1545,28655,view,2022-05-29 21:40:57
394,543,39988,like,2022-09-17 17:57:53
395,1875,9115,comment,2025-03-01 10:21:03
396,1973,18769,view,2024-08-28 10:53:35
397,1130,46797,view,2022-11-13 06:54:35
398,1668,14489,share,2022-11-02 11:40:56
399,981,8047,share,2023-04-06 12:02:27
400,969,42001,share,2022-10-18 14:14:10
401,1566,19600,view,2024-05-30 11:47:07
402,1192,46508,share,2022-08-23 00:09:34
403,788,10151,view,2023-05-24 07:56:11
404,754,5928,share,2022-06-25 02:23:12
405,884,43895,share,2022-05-25 22:22:31
406,175,33103,read,2023-01-24 19:28:43
407,1263,31327,like,2023-09-14 01:09:21
408,154,15391,read,2023-10-13 13:29:34
409,422,16372,view,2023-04-13 11:20:32
410,1644,40968,like,2024-06-09 16:32:24
411,906,23732,read,2022-06-10 02:28:44
412,1209,41574,view,2024-09-19 03:33:19
413,570,29761,view,2023-07-11 09:28:01
414,559,23661,share,2024-05-26 12:16:17
415,1660,32015,read,2023-06-22 19:14:14
416,1106,10743,view,2024-12-11 23:03:26
417,1565,28270,view,2022-03-17 21:40:46
418,166,11822,share,2022-09-19 18:39:28
419,1481,11459,view,2022-11-15 04:12:50
420,1929,5891,like,2023-02-10 00:08:23
421,1341,36387,comment,2024-06-01 08:56:50
422,420,19518,view,2023-12-31 04:24:06
423,1569,27562,view,2025-02-08 21:09:35
424,1278,36450,view,2023-09-28 23:43:10
425,86,17162,read,2023-02-21 20:52:55
426,1923,46668,share,2023-10-13 23:57:34
427,1079,23809,view,2023-10-18 00:51:29
428,677,23832,view,2025-02-04 20:01:17
429,701,5389,like,2023-03-25 06:30:08
430,248,41006,comment,2023-06-04 11:37:17
431,483,22483,read,2024-04-20 17:52:55
432,152,19009,share,2022-12-29 17:03:36
433,110,38251,read,2022-09-19 15:22:56
434,1748,11438,comment,2023-11-27 21:18:21
435,3,26492,comment,2023-10-22 09:02:36
436,1634,47513,comment,2024-04-04 13:52:40
437,1436,42235,share,2023-08-03 21:39:03
438,1809,15315,share,2023-07-21 02:08:57
439,910,18151,read,2023-01-27 11:32:33
440,405,13399,view,2023-10-02 18:50:43
441,1657,2280,like,2023-04-09 17:34:26
442,969,18804,like,2022-06-21 13:41:46
443,1459,13952,view,2024-03-15 04:07:02
444,125,39232,read,2024-02-22 17:10:53
445,677,26764,read,2023-03-05 21:56:11
446,181,45839,read,2024-12-05 20:57:06
447,1851,22191,view,2024-12-31 12:29:24
448,1826,6654,share,2024-05-04 05:37:23
449,918,26369,comment,2023-06-12 09:43:49
450,1558,32278,comment,2022-10-08 23:48:53
451,503,31914,read,2024-08-10 17:19:56
452,355,2881,view,2022-10-04 16:45:13
453,165,27412,read,2023-11-02 21:16:32
454,970,1351,read,2022-11-29 05:27:32
455,370,45444,read,2024-10-21 23:32:34
456,949,38511,read,2023-10-19 09:41:30
457,577,21688,comment,2022-05-05 00:05:14
458,928,24410,view,2022-09-12 21:36:04
459,1259,24663,like,2024-09-04 19:35:45
460,900,26195,comment,2023-07-05 10:53:11
461,1781,6935,like,2024-05-09 10:35:51
462,340,19979,comment,2023-10-14 14:26:03
463,902,2478,read,2025-03-05 08:26:46
464,46,47163,comment,2022-03-14 11:14:50
465,495,30247,share,2024-05-19 05:20:11
466,219,16773,share,2023-01-19 11:33:07
467,472,37977,view,2022-06-05 10:53:15
468,1116,49785,view,2024-09-03 03:49:01
469,88,28340,share,2025-03-04 15:57:30
470,1066,19088,share,2023-08-20 14:02:55
471,1681,7707,read,2024-01-18 09:27:26
472,94,47852,share,2024-10-29 09:25:13
473,1743,3227,read,2024-06-09 09:26:06
474,640,27513,comment,2023-11-12 13:23:13
475,1971,11371,view,2024-05-08 19:38:28
476,91,29912,read,2022-11-28 05:03:33
477,165,6923,view,2024-04-24 16:48:07
478,85,7682,read,2024-10-27 21:15:08
479,1647,35453,read,2024-11-04 15:44:10
480,1387,7491,view,2023-12-16 20:49:28
481,1763,13965,like,2023-03-03 08:20:00
482,1426,49510,view,2025-03-05 20:36:30
483,471,2274,comment,2024-12-08 02:50:13
484,1358,23193,share,2023-06-04 13:14:44
485,1266,43827,comment,2024-12-02 16:20:53
486,1034,29433,share,2024-07-14 07:10:23
487,1638,18981,share,2025-01-24 16:25:14
488,529,33654,read,2023-02-25 03:20:45
489,1793,49188,comment,2023-01-22 20:04:26
490,1998,3614,like,2024-05-02 20:11:42
491,1874,46378,share,2022-07-29 07:16:53
492,863,36000,like,2025-01-13 11:52:37
493,1936,6702,share,2023-07-05 23:35:12
494,702,48230,comment,2024-12-25 17:49:52
495,1666,27686,like,2023-03-08 18:44:13
496,1040,13265,share,2024-01-19 21:30:57
497,224,15924,comment,2023-05-24 12:38:23
498,1249,2016,comment,2024-01-02 12:11:24
499,653,33193,like,2024-07-11 09:18:16
500,1600,45336,share,2022-05-11 03:45:51
501,1009,20651,share,2023-08-27 03:23:04
502,890,19047,share,2023-10-02 21:29:43
503,369,4082,view,2024-11-03 15:26:54
504,231,30715,read,2023-05-13 12:40:35
505,1000,29766,like,2023-11-17 18:20:27
506,1364,37867,share,2023-10-25 16:15:10
507,515,33408,share,2022-09-05 06:49:38
508,368,28192,comment,2023-08-09 10:44:46
509,455,45620,read,2023-01-13 20:38:02
510,376,41121,like,2025-03-07 04:38:04
511,1703,18677,comment,2023-10-03 01:29:33
512,1499,16446,read,2024-03-21 01:24:40
513,997,2610,view,2024-04-21 14:04:51
514,1556,44214,share,2024-11-23 10:52:21
515,1722,43052,like,2022-03-30 03:22:33
516,380,47453,view,2022-03-27 04:22:29
517,1049,38018,view,2023-07-04 10:31:24
518,1925,46483,read,2022-06-18 03:42:03
519,95,29397,comment,2023-07-17 09:29:54
520,434,15167,share,2024-08-07 03:21:55
521,1020,42402,comment,2024-02-29 03:12:00
522,1993,9125,share,2025-02-06 06:11:54
523,842,21352,read,2022-08-28 02:45:29
524,1918,12419,read,2024-09-30 07:47:32
525,415,29786,read,2024-01-29 14:14:50
526,111,3776,read,2022-06-16 06:59:39
527,1578,8155,read,2025-01-03 22:03:02
528,1661,3781,share,2023-02-02 01:37:57
529,1403,39630,comment,2022-09-01 18:27:42
530,300,49238,like,2022-07-26 07:42:50
531,275,25570,comment,2023-07-03 03:43:04
532,789,40546,comment,2022-08-27 05:30:31
533,1899,2188,like,2024-01-02 05:50:38
534,1602,25527,like,2023-11-16 11:12:16
535,1181,8877,view,2022-03-20 02:25:49
536,1865,28832,comment,2022-12-01 23:55:30
537,355,4158,share,2022-10-20 06:19:34
538,605,5783,view,2023-06-17 15:29:59
539,392,40029,share,2023-10-07 04:54:05
540,80,26211,like,2023-11-30 18:51:27
541,305,43412,share,2022-08-04 14:39:43
542,1958,6760,share,2024-01-14 14:10:50
543,947,31420,view,2025-01-07 03:46:40
544,1243,45700,read,2024-07-09 21:01:51
545,1704,48236,read,2023-09-01 12:00:08
546,169,4191,comment,2023-07-26 04:35:27
547,459,20475,read,2023-12-08 06:21:18
548,1991,14812,like,2023-07-03 16:46:30
549,1155,33303,comment,2024-02-25 13:05:21
550,1574,8394,view,2025-02-19 02:32:38
551,1573,44450,like,2024-06-23 17:17:17
552,1944,25625,read,2022-03-14 03:11:06
553,1801,26266,share,2024-10-18 10:29:45
554,349,19651,like,2022-12-08 14:38:41
555,1683,37135,share,2024-12-07 14:18:45
556,491,1216,view,2024-12-13 12:58:39
557,1771,25961,like,2024-05-06 02:00:58
558,1506,48376,view,2023-11-06 22:35:16
559,743,29085,read,2025-02-02 15:44:43
560,433,15824,read,2022-07-27 13:03:15
561,1680,30663,comment,2025-01-23 18:53:07
562,889,19334,view,2024-02-09 14:07:03
563,748,9385,share,2024-04-12 23:13:38
564,898,37171,view,2024-07-16 09:53:23
565,394,28471,read,2022-12-21 07:29:16
566,1109,29445,read,2024-10-15 14:50:39
567,1028,9173,like,2023-06-21 16:44:47
568,1941,37562,like,2024-05-26 11:25:26
569,1316,28315,read,2023-08-15 21:21:48
570,1929,21192,view,2023-09-26 13:49:16
571,855,45500,view,2024-07-27 13:02:58
572,282,19301,view,2025-01-17 01:19:19
573,400,29952,like,2022-04-05 07:41:51
574,1113,5881,comment,2024-11-21 17:31:55
575,1193,5734,view,2024-07-28 20:07:59
576,99,22871,view,2024-02-22 05:59:31
577,954,42464,read,2024-08-06 08:42:02
578,332,49654,view,2023-05-15 06:06:57
579,912,11539,comment,2023-08-12 14:45:26
580,1224,43026,like,2022-12-13 03:03:59
581,1927,43219,comment,2024-04-29 08:44:52
582,1303,38233,comment,2024-05-27 11:07:43
583,38,49180,like,2025-01-06 22:57:49
584,1133,8956,share,2025-02-09 00:49:32
585,1075,41015,read,2023-05-22 04:50:47
586,1416,25754,share,2022-07-23 11:36:48
587,1092,12898,read,2023-03-15 11:26:27
588,1598,11262,view,2024-04-18 17:18:54
589,1359,14192,like,2024-12-24 04:48:59
590,191,48214,like,2023-03-16 16:01:58
591,163,29315,comment,2022-05-26 16:02:00
592,1058,21179,comment,2024-08-17 13:39:39
593,685,20600,share,2022-06-15 18:18:16
594,783,24383,view,2024-08-09 02:23:22
595,222,46956,like,2023-09-10 04:30:20
596,195,28747,read,2023-11-29 03:21:27
597,538,43335,share,2023-01-09 19:20:36
598,1140,49119,read,2023-02-24 15:37:51
599,1528,44827,comment,2024-02-27 22:23:41
600,290,7883,share,2024-10-21 18:26:41
601,1582,15036,comment,2022-08-14 07:47:50
602,1307,9618,share,2023-10-18 13:54:30
603,337,46532,read,2022-04-28 19:57:12
604,1566,2626,comment,2022-05-06 09:02:45
605,1500,8153,like,2023-02-27 05:19:51
606,1456,43002,read,2022-05-10 20:06:51
607,786,21260,share,2022-09-08 14:33:17
608,1602,26445,like,2022-08-15 20:44:48
609,997,33026,share,2024-11-26 17:37:18
610,123,38113,comment,2022-03-26 01:56:52
611,1467,34422,comment,2022-05-09 10:14:25
612,1952,41964,share,2025-02-26 14:02:35
613,163,16173,like,2023-10-16 04:59:36
614,160,22553,comment,2024-09-13 06:16:46
615,1945,9434,view,2023-01-29 00:21:38
616,1010,21250,share,2022-04-01 16:00:51
617,1691,36050,read,2022-04-07 20:08:58
618,436,13271,read,2022-03-27 16:49:53
619,1512,25439,share,2023-07-03 16:04:51
620,1681,49382,view,2022-12-17 12:20:24
621,1772,24810,view,2024-05-18 12:06:57
622,51,28113,share,2024-05-30 06:28:41
623,629,44458,like,2024-06-15 15:54:40
624,299,27586,comment,2022-09-24 14:17:39
625,902,14518,read,2022-08-07 14:17:00
626,1791,12477,read,2024-02-26 03:47:11
627,1690,21424,view,2023-02-04 19:45:02
628,920,37507,view,2023-07-31 17:24:07
629,1231,16981,read,2024-12-22 07:11:17
630,942,12896,read,2024-07-12 02:02:43
631,1779,9222,view,2024-07-11 07:51:24
632,495,30209,view,2022-08-28 22:23:28
633,531,19771,comment,2022-11-13 18:10:00
634,956,43278,read,2023-10-25 11:37:44
635,1048,27771,like,2023-12-10 03:44:00
636,1801,17739,share,2022-06-01 16:53:02
637,1934,26898,comment,2023-06-24 00:57:21
638,1629,10389,read,2024-10-14 10:24:09
639,969,44795,view,2022-06-29 03:50:42
640,1366,20402,like,2024-12-23 15:22:18
641,1300,35159,share,2022-04-24 15:31:25
642,476,19951,view,2024-07-08 04:34:34
643,1159,39829,read,2023-11-21 03:07:17
644,1224,44854,read,2024-06-28 07:24:48
645,462,2400,like,2024-06-26 16:09:57
646,1953,41236,comment,2024-07-31 17:01:08
647,1433,31677,comment,2023-10-26 11:07:52
648,1751,9892,comment,2023-06-04 01:32:54
649,590,24217,comment,2024-11-26 13:40:57
650,1276,27784,view,2023-09-12 21:58:57
651,273,27727,share,2023-01-25 06:15:32
652,926,2405,like,2024-05-18 15:20:58
653,1278,27187,share,2024-07-13 05:10:14
654,742,44454,view,2023-08-11 03:09:36
655,1810,8711,comment,2024-10-19 13:34:03
656,1183,1164,read,2024-08-18 11:25:15
657,1837,23589,view,2023-09-07 00:32:11
658,369,6140,share,2024-02-02 08:07:35
659,1974,3162,comment,2023-09-03 03:35:11
660,1022,32996,view,2024-04-19 01:33:51
661,166,29382,comment,2022-04-25 04:22:36
662,1869,43808,share,2023-04-03 20:13:23
663,1178,34195,share,2023-09-13 14:57:15
664,523,38645,view,2022-03-19 08:27:50
665,1150,13925,read,2024-06-18 21:16:19
666,744,20061,share,2024-01-30 15:39:42
667,772,46692,like,2024-08-09 22:12:28
668,999,26117,read,2024-11-10 03:59:21
669,786,22070,view,2024-07-30 06:00:23
670,1242,24495,share,2023-11-26 01:53:38
671,71,45901,share,2023-05-04 14:38:21
672,1132,19069,share,2024-12-02 20:19:13
673,1874,44775,read,2022-09-11 13:49:54
674,305,33845,view,2023-10-05 19:08:43
675,979,49497,view,2024-12-16 13:52:27
676,857,45393,comment,2023-11-22 00:50:42
677,1611,42877,read,2024-04-22 22:40:19
678,1601,9903,comment,2024-03-05 01:22:08
679,1259,18441,comment,2024-06-14 15:24:12
680,975,2777,read,2024-05-08 11:20:06
681,682,12069,read,2025-02-09 22:37:06
682,58,23032,read,2023-08-11 14:36:20
683,902,38985,share,2022-08-04 21:43:20
684,517,12705,view,2024-12-21 12:14:05
685,600,22883,comment,2022-07-26 05:30:29
686,8,1833,comment,2022-08-06 00:04:53
687,248,9288,read,2024-09-18 20:42:20
688,1432,4231,view,2022-04-16 03:04:01
689,1324,34512,read,2022-09-16 07:06:08
690,755,34050,like,2023-12-18 19:50:35
691,1808,43749,share,2025-02-22 02:02:01
692,1758,41768,like,2023-11-06 21:09:40
693,405,10617,read,2024-03-11 22:56:01
694,1077,1245,share,2023-04-03 04:12:51
695,1665,16166,like,2022-07-26 14:48:47
696,1684,2510,share,2024-09-01 03:33:00
697,1720,7049,comment,2024-11-29 13:34:43
698,1874,11756,view,2022-09-23 22:20:28
699,1446,23893,like,2023-03-17 13:14:27
700,247,39670,read,2025-01-16 15:06:11
701,1508,27075,share,2023-12-16 01:54:40
702,1337,5725,read,2024-03-24 12:31:50
703,1198,46673,view,2022-09-29 17:11:12
704,357,30295,view,2022-11-14 14:03:00
705,919,46876,view,2023-12-19 17:57:12
706,1214,12752,view,2024-04-25 01:07:13
707,1468,4899,read,2022-10-05 02:03:00
708,1743,30393,like,2024-09-28 08:56:38
709,339,42289,comment,2023-04-02 15:11:16
710,1407,35309,share,2023-07-16 15:40:16
711,138,46078,like,2022-11-04 13:48:21
712,1359,10851,like,2023-10-24 18:49:24
713,1867,2362,view,2022-12-06 10:29:16
714,801,22420,like,2022-11-17 23:45:51
715,926,21368,view,2024-02-26 15:05:32
716,1478,10993,read,2025-02-24 19:55:46
717,797,24706,read,2023-04-02 22:45:34
718,1000,43801,comment,2024-05-02 22:38:26
719,1110,22838,read,2022-10-01 17:39:08
720,425,32536,like,2023-09-11 02:59:33
721,1107,29874,share,2024-02-25 12:09:51
722,1276,8023,view,2022-11-16 17:15:45
723,140,47222,like,2023-10-03 08:30:43
724,1081,27646,comment,2023-09-08 11:13:47
725,409,10283,view,2024-01-21 23:46:49
726,1071,35117,share,2022-11-12 07:08:29
727,329,13680,view,2025-02-09 07:31:52
728,584,29814,read,2022-03-13 07:43:16
729,577,21473,like,2022-03-23 06:13:30
730,267,31112,like,2022-12-08 01:17:51
731,1999,7159,like,2024-04-02 11:39:05
732,186,41575,comment,2023-08-31 02:06:02
733,1490,22505,view,2024-09-12 20:14:36
734,1989,47905,read,2022-08-25 14:24:30
735,213,34948,view,2022-09-07 00:56:05
736,445,14268,like,2022-08-02 20:29:58
737,1975,31046,like,2023-08-18 10:54:43
738,175,10637,comment,2023-07-09 14:15:06
739,548,39170,share,2023-11-27 21:23:54
740,920,24316,view,2022-12-16 13:37:41
741,1459,43531,read,2023-11-19 21:37:10
742,173,4535,comment,2024-07-07 21:22:42
743,1328,43173,read,2023-02-11 20:11:53
744,752,21842,like,2022-09-04 07:14:35
745,357,32835,read,2023-02-10 15:56:57
746,193,27412,like,2025-01-14 09:37:38
747,1258,3715,read,2023-10-22 12:35:05
748,1492,7193,comment,2024-02-11 11:11:04
749,1973,25044,read,2023-11-11 05:22:43
750,1982,13959,comment,2023-01-20 08:18:23
751,1205,12600,like,2023-10-01 23:27:02
752,457,25206,share,2024-10-07 05:49:34
753,208,44095,share,2024-10-29 05:41:08
754,1226,42646,read,2024-02-26 19:15:58
755,1339,47332,view,2024-10-21 06:40:13
756,823,1206,comment,2022-04-25 10:12:56
757,1387,3822,view,2022-11-10 03:06:44
758,117,19042,like,2023-06-17 21:43:22
759,225,23133,share,2022-08-21 10:54:03
760,756,35787,comment,2022-07-11 15:49:47
761,555,28982,share,2022-07-02 08:33:06
762,819,23263,view,2023-12-21 03:15:19
763,337,16732,view,2024-05-10 19:26:15
764,1145,41268,like,2022-03-27 16:13:41
765,819,41845,view,2023-06-17 19:36:07
766,587,4355,like,2023-10-18 15:13:45
767,805,21766,view,2024-02-10 08:53:22
768,844,21211,share,2023-05-13 11:26:20
769,1568,46244,like,2023-01-06 14:09:42
770,714,13705,read,2023-12-17 13:59:24
771,582,6030,like,2024-03-29 06:34:17
772,1732,38416,share,2022-12-29 01:44:43
773,1642,8183,comment,2023-12-04 19:06:42
774,1704,33127,comment,2023-06-14 01:56:38
775,714,30200,like,2024-09-02 11:20:21
776,1613,1083,share,2025-02-07 20:29:47
777,1739,27613,share,2023-04-04 11:28:01
778,230,5842,comment,2024-10-24 17:33:56
779,345,10392,comment,2024-01-05 19:53:09
780,520,16458,comment,2025-01-13 18:23:12
781,231,27942,read,2024-02-26 23:21:38
782,1871,46620,view,2025-01-11 10:54:41
783,1176,7246,read,2023-08-03 19:08:40
784,125,16219,read,2024-12-30 18:26:33
785,972,2493,view,2024-11-08 22:37:05
786,1837,38454,share,2023-01-14 22:09:02
787,1948,39312,share,2022-04-19 17:38:43
788,997,17657,share,2022-05-21 21:09:35
789,1989,28868,view,2023-05-19 12:57:06
790,1802,25852,read,2024-07-17 21:53:30
791,757,45638,comment,2024-02-06 23:25:12
792,915,20840,share,2023-02-10 08:07:37
793,2000,23046,read,2023-03-24 04:49:35
794,663,27394,read,2023-06-17 20:28:06
795,1972,12097,read,2022-10-14 10:14:50
796,1118,49779,view,2022-07-20 19:02:47
797,828,32975,like,2024-01-17 02:24:12
798,777,27702,share,2022-09-04 17:16:09
799,547,38000,comment,2023-03-21 18:34:26
800,1751,22692,like,2024-03-12 11:00:27
801,1013,6893,read,2022-05-07 22:21:37
802,671,7386,read,2022-06-20 13:27:32
803,1378,37596,read,2023-01-30 02:49:28
804,946,23072,view,2022-11-10 18:41:04
805,1771,49707,like,2025-01-21 19:14:02
806,539,22217,comment,2023-11-28 10:00:46
807,719,4539,like,2022-10-21 03:50:52
808,240,8292,comment,2024-03-06 06:02:53
809,1208,27431,comment,2024-06-20 15:12:32
810,648,31663,share,2025-01-14 23:22:23
811,1356,44357,read,2024-11-29 21:59:05
812,361,27969,like,2024-05-14 05:15:37
813,1947,10732,read,2024-02-29 02:27:22
814,1918,33445,like,2022-04-28 05:24:54
815,807,19596,like,2023-03-19 04:11:49
816,376,21726,read,2024-06-19 12:41:23
817,1408,39811,share,2024-10-21 02:04:30
818,1075,7472,comment,2023-11-26 14:55:17
819,836,39427,view,2022-07-25 03:16:52
820,1727,38592,like,2023-03-13 05:19:11
821,192,35616,read,2022-04-27 08:37:11
822,1065,7637,comment,2024-01-26 18:57:09
823,150,15681,like,2023-11-05 18:08:09
824,410,22399,like,2025-01-02 16:30:56
825,878,42001,comment,2024-11-08 07:21:08
826,1030,35989,comment,2023-11-23 23:48:09
827,990,36806,read,2025-02-02 15:02:09
828,1045,12713,view,2023-04-12 06:21:39
829,1386,23370,comment,2022-09-24 21:45:47
830,1604,40811,like,2022-03-22 03:48:25
831,261,29116,like,2023-08-24 02:15:40
832,661,34521,view,2023-06-02 11:13:49
833,637,15727,read,2024-03-29 04:02:37
834,660,39957,share,2024-07-21 10:34:36
835,1031,3646,like,2024-05-01 17:11:36
836,558,5275,comment,2024-03-21 06:47:55
837,383,17812,read,2022-12-08 06:07:41
838,25,37987,like,2024-04-09 21:50:41
839,1922,28042,comment,2022-03-10 20:01:27
840,563,6687,like,2022-12-17 22:31:58
841,1939,21662,view,2024-02-08 15:51:36
842,658,6087,comment,2025-03-06 02:49:59
843,1597,1825,view,2023-07-30 15:54:34
844,1633,29463,share,2024-10-11 12:59:16
845,1653,39885,like,2022-09-22 12:26:52
846,383,38995,comment,2022-04-19 21:43:41
847,1807,10628,share,2024-02-25 16:47:44
848,869,21416,like,2023-09-30 02:14:19
849,777,25774,share,2023-08-19 16:46:12
850,290,19580,read,2023-01-27 03:18:48
851,296,41866,comment,2023-01-20 12:58:51
852,1835,16587,share,2024-02-01 12:30:32
853,348,40186,share,2023-03-17 06:34:31
854,620,38318,like,2024-03-15 20:17:36
855,1331,18953,view,2022-07-08 06:32:45
856,1916,33687,share,2022-11-21 22:35:04
857,698,21221,read,2023-05-03 05:47:04
858,1191,20780,comment,2024-08-09 07:00:35
859,1097,43050,read,2024-07-04 15:36:24
860,1639,5560,share,2024-01-31 09:49:41
861,421,25989,read,2024-04-25 00:24:48
862,344,43880,share,2023-06-10 17:04:18
863,590,19001,share,2023-06-12 16:34:46
864,628,12636,view,2023-02-04 17:53:24
865,17,16685,read,2024-04-22 04:43:44
866,1004,24689,view,2023-10-01 04:07:21
867,1192,48312,view,2024-05-13 05:50:57
868,1668,39957,view,2022-06-21 22:12:26
869,1648,34632,like,2022-11-17 01:34:34
870,1722,49936,share,2023-03-31 14:19:09
871,323,26712,read,2023-06-26 22:41:39
872,1836,18635,share,2024-04-01 05:28:57
873,1962,2486,comment,2025-01-09 09:02:58
874,211,12382,read,2024-11-04 12:50:18
875,1025,27748,share,2022-05-27 16:35:29
876,1444,49249,view,2023-07-06 16:33:12
877,958,2451,like,2024-02-06 01:56:25
878,1905,47701,view,2023-09-21 18:23:12
879,14,26831,read,2023-05-17 00:09:59
880,1422,20545,view,2023-01-17 14:20:22
881,1623,28299,read,2022-08-21 00:37:41
882,1772,47774,read,2024-05-03 03:19:22
883,1783,31562,share,2023-01-13 19:06:45
884,1718,23844,share,2024-03-31 14:44:59
885,1640,14862,like,2024-12-16 20:06:02
886,1463,36406,read,2023-01-04 01:40:09
887,69,26773,view,2024-06-15 17:58:30
888,14,6561,comment,2024-09-19 01:07:39
889,1615,26912,share,2024-11-12 10:38:22
890,181,21235,view,2023-07-16 14:40:05
891,889,35513,read,2023-11-15 22:40:56
892,300,6769,comment,2023-01-12 02:11:30
893,1664,6782,comment,2022-05-13 10:34:41
894,659,4282,like,2022-07-12 13:39:20
895,1951,20327,read,2024-07-08 00:13:29
896,1225,38262,like,2023-11-25 11:51:21
897,1481,26398,read,2023-12-03 03:09:18
898,1588,34126,like,2023-04-04 07:19:01
899,98,28977,comment,2024-08-11 13:16:14
900,71,41712,view,2022-03-13 23:59:04
901,884,28980,view,2022-05-01 08:05:41
902,1263,8873,like,2022-10-31 10:12:51
903,364,36101,like,2023-09-28 02:13:31
904,1088,4107,comment,2024-01-03 17:53:09
905,1078,15097,view,2023-06-17 14:09:06
906,1423,5104,view,2022-04-15 05:52:47
907,1075,48344,like,2024-03-25 10:24:20
908,662,33868,read,2024-10-19 02:29:40
909,1620,43651,view,2024-10-28 07:05:58
910,1040,14602,comment,2022-07-30 23:49:47
911,144,8554,share,2022-08-26 14:00:39
912,84,49804,share,2023-07-18 16:37:01
913,876,38810,read,2023-01-08 10:33:32
914,1323,13660,view,2023-10-09 13:28:23
915,480,27338,read,2024-03-18 13:41:38
916,1612,13045,view,2022-05-11 07:22:52
917,1431,48157,like,2023-08-17 08:33:19
918,650,8198,comment,2023-01-07 16:20:17
919,288,33834,read,2023-01-15 17:25:11
920,1668,19545,read,2024-10-27 23:00:13
921,1411,12162,view,2024-02-12 19:08:33
922,655,47368,read,2024-09-11 04:55:44
923,963,37436,view,2023-10-31 11:40:18
924,304,8363,like,2024-06-18 15:08:29
925,1693,23214,share,2022-12-21 08:07:11
926,1857,5785,share,2023-06-12 13:28:59
927,212,42945,like,2023-12-17 09:13:13
928,865,18568,comment,2023-10-21 21:23:06
929,954,11026,comment,2022-04-05 23:41:18
930,385,7293,comment,2023-07-14 09:50:32
931,869,9137,like,2023-04-04 16:28:43
932,756,22668,view,2023-09-09 13:52:51
933,1598,33867,comment,2023-12-27 22:56:08
934,1749,23437,share,2023-10-21 12:53:15
935,843,35131,share,2024-12-23 04:03:57
936,1446,16238,like,2024-03-20 18:35:54
937,1728,25868,comment,2023-09-21 20:26:50
938,1416,25661,read,2023-05-05 21:50:07
939,1797,22895,comment,2023-11-14 06:32:45
940,481,43413,like,2022-03-24 01:34:19
941,587,20393,share,2024-05-31 15:57:42
942,899,43650,read,2022-10-29 22:07:35
943,462,22583,share,2024-12-15 14:27:03
944,385,45732,comment,2023-03-25 02:34:00
945,1040,46732,comment,2024-05-28 00:50:12
946,379,38023,read,2024-03-22 17:14:13
947,1352,11752,view,2022-10-15 16:03:35
948,154,2687,comment,2023-09-22 12:56:12
949,450,4864,read,2024-09-17 07:18:28
950,1934,27091,like,2023-10-15 12:22:00
951,1014,7219,comment,2024-02-01 05:25:47
952,1390,10847,like,2022-10-19 00:54:03
953,600,1289,view,2023-04-03 10:04:03
954,676,29349,view,2024-12-31 23:39:40
955,1324,13535,share,2024-06-28 13:19:36
956,945,26064,share,2024-06-01 11:24:17
957,1832,34039,comment,2022-11-04 15:31:09
958,1631,45591,share,2024-02-13 10:05:15
959,1897,8011,view,2023-01-26 02:47:29
960,619,5240,like,2023-01-02 02:20:12
961,1283,11109,comment,2024-06-04 08:43:38
962,195,42985,read,2023-11-02 01:37:46
963,1129,42640,like,2023-06-02 22:14:09
964,780,31161,like,2024-11-02 07:52:18
965,676,24137,comment,2023-05-08 23:27:48
966,837,46663,like,2023-08-20 12:43:04
967,203,23825,view,2023-07-18 02:55:19
968,1240,14589,comment,2022-04-24 17:50:00
969,1491,25541,read,2022-12-26 13:20:21
970,1716,5680,comment,2022-10-18 05:52:18
971,1871,36458,like,2024-08-22 17:52:31
972,945,35836,comment,2022-12-03 08:17:57
973,60,39232,read,2024-12-27 09:02:48
974,835,14589,share,2024-10-20 01:09:22
975,425,8906,view,2022-12-31 19:54:00
976,3,38119,read,2023-03-25 01:53:08
977,1418,8228,comment,2022-04-21 09:07:53
978,749,32060,share,2022-08-30 18:55:47
979,1161,46481,read,2023-06-22 16:20:43
980,105,4487,view,2024-03-29 00:37:48
981,1147,37603,share,2025-01-18 01:22:03
982,398,23142,read,2024-05-05 06:14:06
983,729,40098,share,2024-07-24 16:27:57
984,1981,7353,share,2024-10-14 04:50:14
985,987,37538,comment,2022-11-12 23:36:49
986,380,4279,read,2022-11-04 06:20:40
987,1957,32212,like,2023-05-29 18:04:56
988,1093,14339,read,2024-03-11 14:53:32
989,1695,40491,comment,2023-12-11 17:26:06
990,1734,13124,share,2025-01-19 05:58:00
991,1340,28149,view,2024-01-07 12:16:08
992,501,12312,share,2024-11-05 07:02:38
993,291,48017,like,2022-05-29 12:58:13
994,1642,36388,view,2024-09-25 12:14:19
995,941,43544,share,2023-03-17 15:41:56
996,966,6755,share,2023-04-24 18:05:10
997,1607,42772,comment,2023-10-24 14:09:16
998,286,35712,read,2024-11-02 04:27:00
999,1366,37787,view,2024-09-21 13:55:43
1000,1780,9166,like,2024-05-26 00:19:48
1001,1685,46065,share,2023-12-05 00:20:40
1002,767,39328,view,2023-11-15 19:49:32
1003,334,33684,comment,2024-05-23 06:57:05
1004,725,4545,read,2023-11-07 14:20:07
1005,1742,32136,view,2022-09-19 21:25:42
1006,1393,3284,like,2023-07-06 18:04:11
1007,824,38435,view,2022-11-14 05:19:09
1008,121,15579,comment,2022-05-26 09:43:16
1009,202,24356,share,2023-10-25 13:54:18
1010,1495,42915,share,2024-05-06 21:17:52
1011,158,21752,share,2023-02-01 15:38:03
1012,505,30335,like,2023-02-07 01:48:12
1013,1702,30464,like,2022-12-02 09:26:37
1014,556,35092,like,2024-06-20 18:18:01
1015,1053,15393,share,2022-10-17 23:01:22
1016,965,26674,view,2022-03-29 19:05:34
1017,72,14504,share,2024-03-18 07:28:22
1018,1741,37254,like,2024-06-16 03:10:26
1019,425,48536,comment,2023-12-15 22:11:05
1020,199,39008,view,2022-06-28 10:27:40
1021,692,2528,comment,2024-08-28 10:24:48
1022,1754,8709,read,2023-03-16 11:47:43
1023,883,35458,like,2022-11-24 05:33:32
1024,212,11974,view,2023-04-12 00:33:19
1025,1485,23729,read,2022-12-10 13:45:40
1026,1323,46314,share,2022-04-05 05:53:03
1027,1755,17692,view,2023-04-08 18:32:40
1028,35,40654,comment,2023-01-05 06:09:38
1029,1893,37914,view,2024-09-03 00:53:39
1030,1521,30919,view,2025-01-28 19:16:32
1031,786,47410,read,2023-09-13 20:10:42
1032,1334,17233,view,2023-10-09 12:58:06
1033,1559,41213,view,2023-11-19 20:30:05
1034,959,12865,like,2023-02-25 09:42:24
1035,1213,20559,like,2024-07-08 11:11:07
1036,1832,22096,comment,2024-02-12 10:39:06
1037,140,38371,comment,2022-03-29 09:20:49
1038,1457,38412,share,2025-02-18 12:48:06
1039,1021,7800,view,2023-02-20 16:24:59
1040,193,49628,share,2023-10-18 17:24:47
1041,1381,23113,read,2023-12-05 12:30:18
1042,1560,23796,read,2024-02-11 02:24:57
1043,343,46704,read,2023-11-04 15:37:11
1044,1541,49699,share,2022-06-25 23:35:01
1045,1628,33687,like,2024-03-29 02:45:03
1046,1201,39654,share,2023-02-18 15:47:21
1047,387,21773,share,2023-07-12 08:48:32
1048,168,19972,read,2023-11-13 18:38:23
1049,742,17732,like,2022-06-20 18:06:19
1050,1778,2851,share,2024-07-16 04:08:38
1051,385,8414,read,2023-02-02 23:44:13
1052,159,24730,like,2022-07-03 05:44:35
1053,551,17006,read,2024-04-17 11:40:55
1054,1521,5297,comment,2023-01-06 12:09:51
1055,431,48257,like,2023-10-13 16:35:05
1056,81,33665,comment,2022-08-29 09:07:28
1057,1778,40620,comment,2024-05-25 04:10:48
1058,1150,27364,like,2024-05-18 17:42:58
1059,1143,31694,read,2023-04-16 10:44:53
1060,1314,48316,read,2023-04-23 10:11:02
1061,1779,2784,share,2023-07-17 19:53:22
1062,71,26088,comment,2024-06-13 09:18:32
1063,844,18534,view,2023-06-24 04:16:51
1064,1238,45405,view,2024-11-18 14:48:40
1065,263,47800,share,2023-05-13 18:53:52
1066,183,14557,read,2023-08-23 23:48:26
1067,1174,3838,like,2023-12-26 06:44:58
1068,523,41267,like,2023-08-19 18:15:03
1069,1971,35169,share,2024-02-12 18:24:42
1070,638,24913,like,2022-08-31 10:32:47
1071,1563,24524,read,2023-01-24 21:22:52
1072,1330,16165,comment,2023-10-16 12:01:30
1073,930,17689,like,2023-11-16 11:34:33
1074,757,10480,share,2023-01-14 15:01:52
1075,1420,10081,read,2023-03-09 08:51:42
1076,1535,42454,comment,2023-10-26 01:04:59
1077,1427,17906,share,2023-01-16 00:18:05
1078,263,37986,comment,2024-11-12 08:02:33
1079,1158,9716,like,2024-09-19 18:25:36
1080,1990,37207,like,2023-07-26 20:06:27
1081,1403,25981,share,2023-12-17 17:26:44
1082,1670,37672,comment,2023-02-04 14:09:16
1083,1746,18006,like,2023-10-15 23:05:40
1084,1883,35006,read,2024-06-22 16:29:39
1085,703,30099,read,2023-01-16 16:15:10
1086,1659,22486,share,2023-06-23 10:59:58
1087,1332,31695,comment,2023-03-23 04:11:29
1088,1823,27834,view,2023-12-17 11:17:08
1089,444,8994,view,2023-02-28 06:00:17
1090,420,6850,share,2023-12-15 03:36:59
1091,76,12714,read,2024-09-25 02:28:06
1092,1080,31937,view,2024-03-26 03:36:47
1093,1709,23277,share,2025-01-15 13:38:23
1094,1659,13981,share,2024-01-27 12:22:25
1095,1655,28348,share,2024-01-14 02:12:23
1096,928,4772,like,2024-09-27 00:31:28
1097,1991,9395,view,2023-06-19 16:51:59
1098,1218,25939,like,2023-09-25 21:46:27
1099,1043,5085,share,2023-07-12 17:23:27
1100,982,30873,comment,2023-05-03 15:04:39
1101,1721,37649,view,2025-01-28 12:51:29
1102,705,46608,like,2024-06-02 02:48:08
1103,1774,39651,like,2024-06-11 10:36:42
1104,1796,25212,view,2023-08-28 21:58:46
1105,1912,31806,comment,2022-07-08 17:40:07
1106,392,13542,share,2022-12-30 02:03:12
1107,1893,12906,comment,2023-06-14 19:55:02
1108,465,46759,like,2024-01-01 12:55:01
1109,1242,48492,view,2023-06-03 09:01:16
1110,1352,18873,comment,2024-02-13 06:41:55
1111,718,18407,comment,2023-02-07 02:46:05
1112,210,25488,read,2022-06-23 16:57:25
1113,650,14958,view,2024-03-07 20:56:23
1114,1024,29676,like,2023-10-27 12:33:48
1115,1519,2419,read,2024-07-30 12:44:03
1116,815,25398,read,2022-05-03 20:23:46
1117,1747,29471,comment,2022-05-02 02:33:04
1118,230,31182,view,2023-06-01 14:02:56
1119,302,32171,share,2022-10-21 05:56:38
1120,431,44372,comment,2022-08-06 16:31:21
1121,1041,9458,view,2022-12-30 19:31:19
1122,83,33698,read,2024-10-06 14:25:30
1123,1814,1458,view,2024-07-15 16:52:14
1124,1102,30540,comment,2022-03-18 09:06:35
1125,1342,47033,share,2023-12-01 12:59:05
1126,913,17616,share,2022-04-28 10:02:16
1127,402,13496,share,2023-04-13 13:25:48
1128,1151,22510,comment,2023-02-05 02:49:19
1129,214,35673,comment,2024-07-30 21:56:48
1130,448,5096,read,2024-01-27 01:43:31
1131,1784,41583,comment,2024-09-02 09:35:14
1132,468,22615,share,2022-05-05 15:03:55
1133,1257,30870,read,2024-10-01 23:54:32
1134,663,44329,comment,2023-07-12 05:20:19
1135,1308,41691,comment,2023-09-22 20:47:24
1136,875,24510,share,2024-06-06 00:03:26
1137,625,35387,view,2022-05-18 20:45:10
1138,1623,42365,read,2022-03-20 01:40:48
1139,1598,6132,view,2024-10-10 02:57:25
1140,111,1654,comment,2025-02-20 10:56:00
1141,732,29133,share,2023-11-21 08:14:44
1142,891,5542,comment,2023-11-15 03:49:14
1143,53,29999,like,2024-02-20 06:57:27
1144,889,33018,like,2024-01-28 03:01:43
1145,779,5709,share,2023-11-30 22:54:31
1146,1600,17470,like,2024-05-12 16:54:58
1147,38,21070,share,2022-12-07 08:43:09
1148,754,42813,view,2022-06-29 11:58:41
1149,865,34316,view,2024-04-16 15:14:43
1150,1851,26330,read,2022-04-15 15:49:20
1151,1047,5905,view,2024-12-19 14:47:51
1152,576,22445,comment,2023-05-18 15:10:13
1153,1181,49965,comment,2023-07-14 22:00:21
1154,1060,48725,like,2024-08-13 22:45:23
1155,509,32872,read,2022-09-10 20:44:25
1156,1570,1892,view,2024-01-03 07:47:42
1157,179,39007,share,2024-12-09 12:18:42
1158,987,36780,like,2023-06-20 22:13:12
1159,1035,36531,share,2024-02-03 19:32:37
1160,746,11315,like,2024-02-07 04:07:09
1161,273,30978,comment,2023-09-28 10:18:05
1162,125,48179,read,2023-12-10 08:21:23
1163,1174,40341,view,2024-04-11 17:11:23
1164,1266,34975,like,2022-08-05 07:14:44
1165,1484,9004,comment,2024-10-04 20:30:18
1166,497,33212,comment,2023-09-02 22:54:55
1167,604,10992,like,2022-12-08 21:44:07
1168,1433,30168,view,2023-01-27 03:08:08
1169,271,11405,share,2023-02-28 16:42:50
1170,1247,13897,read,2022-04-20 06:36:08
1171,1184,41221,comment,2023-10-28 08:55:23
1172,768,49021,view,2024-08-27 16:33:22
1173,1466,26965,read,2022-05-17 20:19:57
1174,654,20203,like,2023-09-17 21:13:34
1175,1758,47984,view,2023-09-02 08:19:30
1176,812,4679,view,2023-03-24 17:08:30
1177,66,24314,comment,2024-10-01 13:58:40
1178,941,49010,share,2022-05-04 15:35:07
1179,1676,10606,share,2024-09-27 01:05:17
1180,228,21596,like,2022-08-06 15:29:40
1181,1937,4177,like,2024-08-12 06:19:37
1182,1406,35656,share,2024-11-10 14:35:53
1183,1827,10385,like,2022-07-31 23:31:13
1184,157,17800,like,2023-12-08 15:00:48
1185,1394,27226,view,2024-01-01 07:29:56
1186,425,13148,like,2022-12-07 09:05:58
1187,1009,17794,share,2023-03-13 20:18:10
1188,146,20914,like,2024-03-22 20:11:17
1189,1668,1010,share,2022-08-18 13:02:06
1190,145,11356,comment,2024-11-03 18:50:42
1191,1310,24720,view,2023-11-15 11:01:07
1192,119,10102,comment,2023-10-14 22:40:10
1193,936,40874,comment,2023-04-24 04:15:36
1194,1660,4943,read,2023-06-05 16:44:41
1195,505,31134,comment,2025-03-06 01:29:04
1196,472,43298,comment,2022-11-19 12:51:38
1197,1302,21680,share,2023-03-31 02:32:19
1198,912,1594,read,2023-10-01 01:36:44
1199,380,25962,view,2024-09-16 04:58:32
1200,393,42602,view,2025-01-10 20:23:36
1201,852,30884,view,2023-08-09 17:49:36
1202,1974,19023,comment,2022-03-21 23:49:04
1203,88,5881,comment,2022-07-07 01:33:39
1204,1368,7982,read,2022-06-29 09:47:30
1205,1116,5509,read,2024-07-15 17:46:34
1206,1775,8947,view,2023-08-13 05:18:29
1207,147,4838,view,2022-12-10 19:22:51
1208,666,10465,read,2024-09-21 23:41:22
1209,29,44504,like,2022-03-19 13:04:19
1210,1570,5480,like,2024-11-16 21:57:07
1211,1647,13215,share,2022-09-25 13:44:39
1212,1102,41218,read,2023-09-25 17:53:10
1213,998,46114,share,2022-09-27 06:02:52
1214,1340,19609,like,2022-04-30 01:36:39
1215,1225,36659,comment,2022-06-07 16:45:51
1216,823,32709,like,2023-02-28 07:09:30
1217,1436,42699,share,2023-08-31 13:03:19
1218,1100,48252,read,2022-07-13 03:31:34
1219,20,33101,share,2024-05-28 06:29:37
1220,1285,25259,like,2024-05-05 21:56:50
1221,807,26655,share,2023-08-16 02:12:57
1222,674,40052,view,2022-12-03 22:47:05
1223,797,15744,like,2023-02-04 14:12:08
1224,499,11198,view,2023-10-18 13:01:01
1225,341,35046,like,2022-08-02 21:16:02
1226,1750,25202,read,2023-04-18 13:51:03
1227,1044,20563,read,2024-09-12 12:31:53
1228,62,42458,like,2024-06-11 19:19:55
1229,685,38043,comment,2023-12-20 13:18:55
1230,732,38693,like,2024-05-20 09:49:20
1231,316,19373,comment,2024-03-17 12:46:17
1232,1752,37488,read,2024-11-03 08:09:57
1233,1211,45650,read,2023-09-22 06:37:08
1234,474,14288,like,2024-04-11 00:32:28
1235,975,16070,share,2023-03-25 17:34:25
1236,636,17117,share,2023-08-29 16:07:43
1237,1653,2340,read,2023-08-02 21:08:08
1238,1831,21993,share,2024-04-02 12:50:37
1239,573,14084,share,2024-05-06 21:55:01
1240,1884,10860,like,2023-11-06 20:26:15
1241,1756,42760,comment,2022-05-13 21:29:07
1242,194,36425,read,2024-07-04 04:20:52
1243,220,12303,like,2024-08-10 19:56:21
1244,829,23793,comment,2022-08-15 06:36:29
1245,1472,11609,share,2022-10-21 00:43:17
1246,627,12200,share,2025-01-22 15:28:04
1247,1238,14905,like,2022-03-26 10:13:05
1248,874,30650,comment,2024-07-05 06:38:48
1249,82,43352,like,2024-10-10 01:00:19
1250,292,1839,comment,2024-12-09 09:46:20
1251,1558,19400,like,2024-02-11 16:47:48
1252,1256,5909,share,2022-12-14 11:36:14
1253,42,22744,read,2024-03-24 01:50:24
1254,1272,26550,comment,2023-03-23 03:24:01
1255,1397,22667,read,2022-11-13 23:48:54
1256,1846,48837,like,2022-11-25 03:41:11
1257,1510,2888,like,2024-05-07 17:10:45
1258,884,32636,view,2024-11-15 14:45:26
1259,1430,7706,like,2023-07-05 04:08:17
1260,1662,48936,read,2025-01-10 09:09:37
1261,813,36480,view,2023-01-10 05:50:51
1262,1165,29211,comment,2024-09-09 12:32:37
1263,1227,41154,comment,2022-10-02 00:22:03
1264,837,4007,view,2023-01-15 17:03:10
1265,956,31800,read,2024-12-07 09:44:41
1266,1983,31643,like,2022-03-22 05:10:16
1267,963,36778,read,2023-09-13 23:26:28
1268,1097,34125,like,2022-11-07 10:00:42
1269,1510,15860,read,2023-02-08 17:27:30
1270,596,24806,view,2022-04-28 03:23:28
1271,797,26177,share,2022-12-01 00:05:20
1272,990,28576,comment,2024-03-23 06:12:07
1273,845,48561,comment,2022-06-15 09:44:57
1274,1831,40881,read,2022-10-25 08:14:54
1275,656,38260,view,2022-06-05 19:19:05
1276,1854,43209,comment,2023-07-12 12:34:59
1277,209,13693,comment,2024-10-06 21:06:42
1278,1108,38777,comment,2023-07-05 10:42:32
1279,588,20762,share,2023-03-24 10:24:09
1280,1029,32937,like,2022-12-29 09:14:50
1281,1188,23176,view,2023-04-17 23:59:51
1282,1020,40036,comment,2022-09-12 06:42:48
1283,737,12564,read,2023-10-19 13:52:05
1284,1393,2603,read,2023-07-16 21:59:20
1285,938,38302,share,2023-04-15 13:51:05
1286,1392,12851,read,2024-01-23 22:45:42
1287,1079,22570,like,2024-06-01 19:40:12
1288,1366,25803,like,2024-12-17 03:58:17
1289,869,22713,comment,2024-12-31 10:34:30
1290,1141,25492,view,2023-10-15 08:59:29
1291,146,13703,read,2023-05-26 05:48:04
1292,1165,36222,like,2022-06-09 21:40:26
1293,323,38073,view,2022-08-07 12:57:14
1294,1711,16520,view,2023-01-20 17:54:09
1295,1671,48858,read,2024-07-18 03:45:08
1296,10,6466,view,2022-09-27 18:37:23
1297,865,49888,view,2022-07-06 10:18:10
1298,1888,9980,comment,2025-03-04 07:34:52
1299,83,3986,read,2023-11-16 23:59:22
1300,1198,44116,share,2022-10-03 03:08:01
1301,665,38481,comment,2024-11-02 23:07:20
1302,465,9191,share,2022-03-16 15:15:12
1303,1430,17515,share,2022-04-11 03:58:05
1304,1663,28032,share,2023-06-30 05:51:50
1305,239,23464,view,2023-10-27 12:58:34
1306,51,15881,comment,2022-12-07 00:00:10
1307,495,23764,like,2022-12-02 02:29:25
1308,1667,16292,like,2022-12-30 13:19:40
1309,1274,46779,like,2022-08-02 21:17:10
1310,47,30532,read,2023-10-02 18:46:29
1311,1081,27021,comment,2022-11-21 10:44:54
1312,1564,28914,read,2022-10-12 09:55:12
1313,743,30493,view,2022-03-23 19:00:43
1314,1668,15732,read,2024-01-30 10:32:36
1315,343,49329,read,2022-03-11 14:51:58
1316,780,45379,read,2024-08-27 12:08:46
1317,89,24884,view,2022-06-22 09:22:18
1318,989,12934,like,2024-06-10 22:05:48
1319,1155,34145,read,2022-06-21 02:02:57
1320,828,24454,view,2024-06-10 02:40:58
1321,980,26012,comment,2022-06-14 11:18:24
1322,1267,37285,read,2023-05-14 16:30:33
1323,1187,6094,view,2025-02-20 17:17:40
1324,1756,7159,comment,2023-11-08 21:16:27
1325,1584,21900,comment,2025-01-01 07:31:08
1326,480,3880,comment,2022-06-29 08:41:08
1327,84,1607,share,2023-08-04 03:32:04
1328,1028,24936,comment,2022-04-05 12:08:30
1329,1534,36689,read,2022-11-14 16:29:57
1330,872,34924,comment,2024-03-27 01:53:58
1331,1405,4921,share,2024-03-31 16:56:52
1332,609,22181,read,2023-03-04 01:11:58
1333,1245,34278,view,2022-10-26 00:11:51
1334,1288,35192,view,2024-06-16 17:20:16
1335,328,5087,view,2025-01-06 03:34:45
1336,116,28493,like,2023-12-20 18:51:54
1337,1729,44208,view,2025-01-19 22:31:12
1338,203,25176,like,2022-09-13 10:25:58
1339,1467,3399,read,2025-01-23 03:30:31
1340,537,1936,view,2023-06-28 08:40:58
1341,332,39124,like,2023-05-03 05:24:40
1342,1752,46323,view,2024-11-25 07:06:13
1343,1478,47694,share,2022-07-18 02:47:28
1344,281,10523,comment,2022-04-17 03:28:39
1345,92,21237,view,2023-05-27 04:40:03
1346,463,18364,comment,2022-06-07 20:21:57
1347,188,24084,view,2024-07-27 19:53:52
1348,677,19402,like,2024-01-24 17:12:56
1349,1771,14614,share,2024-05-29 14:43:41
1350,1964,25341,share,2024-08-14 23:30:43
1351,1260,25574,view,2024-05-04 05:26:50
1352,1248,10213,share,2023-07-25 13:33:31
1353,1800,13334,comment,2023-05-03 05:58:30
1354,1143,43126,view,2024-01-06 16:13:39
1355,617,44694,like,2022-08-09 20:47:04
1356,1698,48676,like,2024-01-30 21:06:37
1357,835,44397,view,2022-06-13 15:34:56
1358,1204,7769,comment,2024-05-27 19:46:30
1359,1176,34678,read,2023-12-24 00:16:10
1360,1138,6265,share,2023-11-23 11:43:07
1361,116,18382,like,2024-03-09 16:02:49
1362,1688,31583,like,2025-02-18 21:00:19
1363,1291,31811,comment,2022-06-25 00:21:14
1364,680,15656,like,2022-05-27 19:30:20
1365,573,32125,like,2025-03-06 15:59:11
1366,618,3158,comment,2023-07-29 00:20:28
1367,1352,40794,read,2022-03-29 03:02:29
1368,1688,32446,view,2023-04-10 19:01:23
1369,1669,4842,like,2023-02-15 14:03:29
1370,1573,12872,share,2023-04-29 02:40:15
1371,1528,29592,read,2022-09-12 13:30:06
1372,981,42992,view,2023-02-18 00:09:27
1373,1398,17505,comment,2023-09-26 09:58:25
1374,1983,33134,comment,2024-05-26 01:24:30
1375,92,41353,view,2022-09-23 21:39:40
1376,434,46446,share,2024-02-13 16:11:59
1377,1453,4906,comment,2023-10-26 21:22:19
1378,453,26590,view,2024-06-13 02:12:11
1379,1353,27020,share,2022-11-15 09:49:54
1380,134,3006,comment,2023-05-11 22:20:45
1381,1592,47497,comment,2023-11-20 12:25:00
1382,333,1517,read,2022-03-23 12:02:41
1383,634,29796,view,2024-03-11 12:42:49
1384,585,26235,share,2023-06-25 03:06:56
1385,1590,40325,read,2023-06-12 15:39:40
1386,3,46593,like,2024-10-12 08:09:18
1387,878,40000,share,2023-07-12 23:52:25
1388,187,13165,view,2023-09-07 14:32:34
1389,1854,13624,share,2023-07-15 10:18:08
1390,1770,46094,comment,2023-10-02 06:33:18
1391,1535,42927,share,2024-10-11 01:18:51
1392,1254,30262,like,2022-08-24 09:03:22
1393,939,14794,comment,2024-10-08 00:31:17
1394,1875,33012,comment,2023-05-18 04:22:46
1395,1405,22034,share,2023-10-10 05:52:30
1396,1050,13713,view,2023-07-14 20:10:33
1397,1611,6999,view,2024-02-19 16:03:18
1398,280,46170,comment,2022-09-08 04:57:13
1399,411,47259,like,2025-02-02 15:47:49
1400,886,30971,view,2023-07-13 17:03:26
1401,979,46726,comment,2024-05-16 20:19:11
1402,1641,43837,read,2024-01-29 09:32:27
1403,650,38542,comment,2025-01-16 12:54:36
1404,1333,18160,comment,2023-09-12 23:09:56
1405,1131,42427,share,2024-08-06 20:15:07
1406,1561,46274,like,2024-03-28 02:25:42
1407,1876,38477,like,2024-05-11 15:53:54
1408,38,30802,share,2023-07-15 03:36:29
1409,1444,2858,like,2022-06-17 17:41:24
1410,1056,10291,view,2024-11-20 12:57:23
1411,1613,17039,share,2024-02-27 05:24:30
1412,436,45782,share,2023-10-02 10:49:40
1413,1298,40091,share,2022-10-02 23:57:39
1414,1233,46764,like,2022-11-19 02:22:38
1415,978,23445,read,2022-05-17 00:25:30
1416,1259,39636,read,2024-02-03 21:42:25
1417,1724,39470,comment,2024-10-07 07:52:23
1418,244,6830,share,2024-01-28 19:16:38
1419,95,3020,view,2023-02-03 08:13:03
1420,1267,18294,like,2023-01-23 18:28:50
1421,1387,28494,view,2022-08-01 23:16:14
1422,1632,10914,view,2024-11-26 23:38:08
1423,963,4408,like,2025-01-30 06:32:44
1424,155,37575,like,2023-01-22 22:25:11
1425,1157,32625,comment,2023-12-06 00:41:42
1426,231,8422,share,2023-06-22 18:31:43
1427,71,7988,comment,2023-01-01 23:57:19
1428,1398,35730,view,2022-05-13 20:00:04
1429,1313,30509,share,2023-07-17 23:42:11
1430,722,18438,comment,2023-03-05 19:13:26
1431,1507,10941,share,2022-11-03 21:40:01
1432,1873,27981,comment,2022-11-23 00:57:43
1433,1082,33569,share,2023-09-02 20:32:43
1434,117,37164,comment,2024-11-22 07:03:31
1435,1977,25596,read,2023-06-03 02:03:10
1436,309,2642,read,2024-09-25 01:04:15
1437,880,10108,comment,2023-08-16 13:18:12
1438,1034,38456,read,2023-04-22 09:31:55
1439,1577,21011,comment,2022-05-16 08:25:46
1440,1630,37296,comment,2023-11-26 20:46:43
1441,386,28253,comment,2024-07-06 13:11:52
1442,1089,11947,comment,2024-07-27 04:04:00
1443,587,10950,read,2022-08-22 13:22:23
1444,1688,23438,read,2024-02-21 22:25:25
1445,1128,4843,view,2022-06-12 20:19:50
1446,1219,29322,like,2023-10-12 09:37:24
1447,296,8951,like,2022-03-26 03:33:07
1448,264,37704,share,2025-02-16 06:22:29
1449,387,25537,view,2025-01-16 10:46:59
1450,157,33004,view,2022-12-30 13:42:22
1451,559,16412,share,2023-05-14 09:19:13
1452,1999,27281,like,2022-03-11 18:10:20
1453,1476,49848,read,2023-11-26 01:13:05
1454,1288,13980,like,2022-04-20 15:56:55
1455,1333,12687,read,2024-07-17 15:49:52
1456,822,16263,like,2022-06-16 19:12:00
1457,298,33818,view,2023-08-27 02:53:32
1458,1106,21554,share,2024-05-12 17:53:54
1459,1956,40234,view,2022-11-26 15:10:49
1460,373,24787,share,2023-06-21 04:51:20
1461,270,49111,like,2024-10-20 00:07:39
1462,1268,47663,read,2023-12-18 16:03:39
1463,1552,31328,like,2023-06-28 01:14:14
1464,772,28529,like,2024-05-26 04:10:31
1465,776,17055,comment,2024-11-15 07:52:11
1466,1989,46996,comment,2023-06-27 13:01:35
1467,1520,15215,share,2023-12-21 13:15:37
1468,1971,7500,read,2024-09-20 16:27:55
1469,1234,3459,like,2025-02-07 12:56:54
1470,1976,38052,share,2024-03-30 05:27:01
1471,1239,24454,comment,2023-01-19 09:14:04
1472,454,40996,read,2023-03-01 17:37:02
1473,1273,47565,comment,2022-03-12 17:05:32
1474,672,9429,read,2024-10-04 17:44:42
1475,1002,10210,share,2024-01-31 02:42:18
1476,915,45608,read,2024-09-08 03:58:54
1477,403,21276,view,2023-11-28 20:02:18
1478,1672,5975,share,2022-07-22 03:15:14
1479,1601,8873,share,2022-08-01 00:01:45
1480,1455,17539,like,2023-10-21 17:52:16
1481,1018,12195,share,2023-01-17 01:18:22
1482,620,2995,comment,2022-09-23 17:15:06
1483,1708,16193,like,2022-05-07 15:14:25
1484,1386,37745,share,2022-11-18 22:07:20
1485,1701,24723,comment,2024-09-24 03:01:50
1486,868,11450,comment,2022-07-18 04:08:26
1487,1758,5956,share,2024-05-24 23:06:26
1488,1218,45774,view,2023-04-22 04:00:13
1489,1962,42562,view,2023-01-16 08:11:03
1490,1014,22612,view,2024-07-05 13:33:07
1491,127,48065,like,2024-07-07 15:53:53
1492,212,19603,share,2022-03-14 17:35:57
1493,484,46339,view,2023-03-12 11:59:20
1494,1789,12345,comment,2022-11-26 17:10:08
1495,1162,28376,like,2024-08-29 15:21:45
1496,1816,25127,comment,2023-07-11 03:35:48
1497,436,19237,view,2023-02-11 02:57:56
1498,1228,18821,share,2023-11-02 04:41:27
1499,1786,18050,share,2023-10-08 13:49:54
1500,1654,39248,view,2024-01-07 01:11:38
1501,26,26355,like,2022-10-16 07:42:06
1502,920,37689,like,2023-08-25 05:01:17
1503,1000,13087,share,2024-03-02 09:47:02
1504,1580,28121,comment,2022-08-25 03:25:24
1505,314,15290,share,2024-10-09 08:07:57
1506,409,32392,view,2025-01-30 07:42:15
1507,244,44190,like,2023-01-24 14:13:10
1508,181,46819,comment,2022-12-02 05:13:41
1509,79,9303,read,2022-08-23 17:18:59
1510,469,37031,comment,2023-04-08 12:50:11
1511,567,16112,like,2023-05-23 11:57:32
1512,1679,43451,read,2024-04-20 18:12:54
1513,11,47130,read,2022-12-22 08:07:54
1514,998,6905,comment,2023-02-21 19:34:32
1515,826,2598,view,2022-11-15 23:08:29
1516,1718,3415,view,2022-10-13 10:08:35
1517,1602,30142,read,2025-02-28 04:36:35
1518,762,5421,share,2024-07-08 04:14:16
1519,1079,37325,read,2024-03-12 22:35:00
1520,972,37493,like,2022-08-04 09:54:02
1521,39,46191,comment,2024-09-09 21:59:34
1522,1451,44729,read,2022-10-04 09:21:16
1523,625,23225,view,2024-12-30 01:28:22
1524,1720,1776,view,2024-12-27 10:25:48
1525,906,17189,like,2024-11-24 10:58:00
1526,1176,45812,read,2024-04-05 10:50:47
1527,660,35008,view,2024-02-25 05:03:33
1528,126,30273,share,2023-09-29 22:43:40
1529,679,47575,view,2024-07-27 05:37:44
1530,1773,23455,like,2022-10-04 14:43:49
1531,919,15608,view,2024-12-08 14:02:37
1532,121,10191,read,2022-06-02 19:38:19
1533,735,15242,like,2022-08-01 00:22:23
1534,433,33203,view,2023-04-16 15:35:21
1535,1211,8236,like,2022-12-20 13:15:21
1536,161,4557,view,2023-08-12 12:09:57
1537,1940,32960,view,2024-09-11 09:59:30
1538,291,37132,view,2024-03-10 00:18:44
1539,90,19595,view,2022-07-14 21:05:55
1540,1646,21289,share,2022-05-15 00:10:10
1541,710,21095,view,2024-01-07 06:03:11
1542,1488,2166,like,2024-06-26 07:26:35
1543,656,1908,like,2022-09-04 12:59:39
1544,1704,11971,comment,2025-01-21 23:42:35
1545,1518,36146,share,2024-08-28 10:32:50
1546,929,24920,share,2023-04-09 21:03:28
1547,1113,20829,like,2023-08-28 03:23:21
1548,462,28941,view,2024-04-09 23:13:19
1549,1614,25454,view,2022-10-27 00:11:47
1550,1383,20483,share,2023-01-15 21:11:14
1551,948,35177,read,2022-10-12 11:29:02
1552,742,30204,share,2024-06-24 13:36:12
1553,1507,25053,comment,2023-01-16 23:52:49
1554,1371,39405,read,2024-11-06 13:56:06
1555,594,18875,like,2023-11-15 20:22:09
1556,89,46587,read,2024-04-22 14:57:21
1557,877,47158,read,2024-06-23 08:00:25
1558,181,24918,like,2023-12-25 08:55:16
1559,70,9012,view,2024-08-27 21:17:52
1560,76,20675,comment,2023-06-15 20:08:35
1561,672,1978,read,2022-09-13 01:55:16
1562,1902,9934,share,2023-09-20 17:55:43
1563,1321,19657,view,2023-03-30 14:08:24
1564,180,32420,like,2024-11-10 12:31:25
1565,1045,44183,view,2024-12-24 10:28:54
1566,777,5967,like,2024-08-19 17:32:25
1567,644,16059,read,2023-09-24 05:31:19
1568,1772,25787,view,2024-01-25 19:44:58
1569,1803,49178,share,2024-01-04 19:18:11
1570,1150,21513,read,2022-10-28 23:26:30
1571,106,26055,like,2024-03-18 22:47:05
1572,165,45495,share,2023-06-28 18:18:40
1573,117,39857,share,2022-04-11 22:28:06
1574,147,9326,share,2024-10-02 10:54:50
1575,1825,25260,comment,2024-01-11 01:17:50
1576,1674,28733,view,2023-01-08 09:23:07
1577,284,33120,share,2023-04-17 20:29:54
1578,1969,22610,like,2023-07-10 20:49:06
1579,337,35058,share,2023-07-31 19:44:57
1580,1880,5474,like,2025-02-02 00:52:49
1581,348,22355,view,2022-12-25 12:33:03
1582,819,8900,like,2022-06-10 02:04:29
1583,598,48493,like,2022-06-18 09:15:01
1584,879,2788,read,2023-10-24 03:28:46
1585,1845,19685,comment,2024-02-28 07:35:43
1586,1374,1992,view,2022-08-22 01:02:57
1587,1866,23925,read,2023-07-26 09:15:32
1588,1172,42072,read,2024-10-02 05:59:00
1589,186,23401,share,2023-10-08 03:16:03
1590,616,45524,share,2024-08-16 22:07:41
1591,1077,9958,read,2023-01-09 21:52:58
1592,993,44377,like,2024-08-18 10:49:19
1593,57,21773,view,2022-11-13 18:03:40
1594,612,45765,comment,2023-08-20 02:50:11
1595,931,38878,share,2024-07-22 11:37:39
1596,1005,44951,like,2023-04-03 06:35:09
1597,864,22529,read,2022-08-11 12:53:18
1598,1132,14632,view,2022-09-30 18:49:35
1599,279,31578,like,2023-06-30 04:17:32
1600,585,44066,share,2022-07-14 20:26:38
1601,1103,3886,read,2023-11-09 05:58:09
1602,1522,48797,share,2022-05-04 10:22:03
1603,1611,8413,read,2023-07-24 02:11:00
1604,632,36083,like,2025-01-09 21:34:39
1605,982,36628,share,2023-11-21 16:55:52
1606,1819,20338,share,2023-10-01 17:19:46
1607,1988,3621,read,2023-01-09 08:58:11
1608,423,31417,share,2023-12-29 20:35:31
1609,1614,33036,view,2025-01-07 13:04:03
1610,1879,32879,comment,2025-01-07 17:00:31
1611,389,8258,read,2023-03-11 12:12:49
1612,517,26977,view,2022-03-24 17:04:39
1613,1524,19261,like,2024-11-16 12:49:40
1614,398,2571,comment,2023-07-21 03:07:34
1615,1399,49434,read,2024-01-12 09:41:36
1616,677,2621,like,2022-06-09 23:30:33
1617,53,44142,comment,2024-12-15 19:05:41
1618,930,36646,like,2024-01-09 03:39:14
1619,1179,32658,comment,2024-09-13 17:51:49
1620,1201,10648,comment,2024-08-31 18:53:02
1621,442,10609,like,2023-06-28 19:03:12
1622,1897,28833,view,2024-08-11 20:08:40
1623,720,43941,comment,2024-01-17 21:59:25
1624,1782,46001,like,2024-07-15 23:48:24
1625,464,43245,view,2023-03-21 13:39:47
1626,1550,35862,comment,2022-04-10 02:42:06
1627,1571,49239,comment,2022-03-23 21:42:05
1628,1483,15526,read,2022-11-08 03:57:02
1629,1900,34659,comment,2023-01-19 07:13:53
1630,162,42424,share,2023-01-19 00:48:40
1631,778,31512,read,2022-09-30 13:46:59
1632,1459,6097,view,2024-05-03 05:55:06
1633,1124,14887,share,2022-12-04 12:00:41
1634,1124,38890,like,2023-11-14 04:53:51
1635,146,5791,like,2024-02-20 06:53:57
1636,49,38954,read,2022-05-21 14:39:03
1637,1880,6789,share,2022-04-18 13:04:08
1638,303,9424,comment,2023-01-18 07:02:57
1639,19,19150,view,2022-08-13 12:39:54
1640,1922,15541,like,2023-11-05 02:27:27
1641,1785,45428,read,2023-10-18 21:51:23
1642,646,28154,like,2024-12-06 10:18:59
1643,1198,40267,comment,2022-04-21 06:33:31
1644,1797,31757,comment,2024-08-21 16:42:26
1645,549,22980,read,2022-06-06 15:43:42
1646,489,30104,comment,2023-10-24 20:01:40
1647,913,4352,read,2023-12-22 09:08:34
1648,115,43883,like,2023-11-20 01:51:58
1649,882,7889,like,2023-07-20 23:21:02
1650,1932,2246,read,2022-12-12 16:06:03
1651,376,19434,comment,2024-11-07 08:25:02
1652,1262,36840,like,2022-08-07 15:10:25
1653,1073,30221,like,2022-05-15 15:05:19
1654,1580,8536,read,2023-05-03 16:25:03
1655,1072,19181,view,2022-06-08 21:06:52
1656,876,26420,read,2022-06-19 02:05:23
1657,793,8308,share,2022-05-12 16:50:19
1658,1805,16335,view,2022-09-25 13:51:42
1659,1163,37274,like,2025-01-16 21:58:44
1660,1137,13476,comment,2023-03-03 01:44:48
1661,222,28039,view,2024-05-31 20:49:08
1662,1864,36546,comment,2023-06-19 05:19:21
1663,1514,34103,read,2022-06-22 09:21:31
1664,790,46227,share,2025-02-22 23:57:31
1665,1229,44953,share,2024-03-04 08:19:36
1666,1969,17839,read,2022-11-01 04:22:22
1667,613,17060,read,2023-12-27 23:46:30
1668,1869,21133,comment,2023-09-16 20:06:23
1669,230,4712,view,2023-10-10 19:06:30
1670,1997,36394,like,2024-11-26 12:27:18
1671,1063,21714,like,2023-09-23 20:51:53
1672,132,28732,like,2023-08-20 18:52:05
1673,109,25106,view,2022-06-06 04:38:16
1674,1438,49979,share,2024-01-23 03:41:10
1675,1305,14801,comment,2024-11-23 01:36:23
1676,318,19378,like,2025-03-06 17:44:30
1677,1485,2937,comment,2022-05-22 13:44:37
1678,541,24786,read,2025-02-03 05:15:21
1679,1633,42735,view,2024-12-03 05:46:35
1680,1196,49333,read,2024-03-31 23:31:03
1681,472,11600,like,2022-04-11 11:50:54
1682,1353,40699,read,2022-08-26 06:33:50
1683,1012,12090,read,2023-04-14 00:16:56
1684,1145,27849,share,2022-05-11 01:59:06
1685,161,17343,read,2024-01-06 17:34:21
1686,989,7531,share,2023-02-08 13:10:01
1687,1007,27609,view,2023-03-28 06:47:42
1688,775,7872,view,2022-05-02 02:31:08
1689,1474,40773,share,2022-04-20 02:39:40
1690,1770,37836,comment,2023-10-09 17:47:49
1691,1349,24273,view,2023-12-12 17:21:25
1692,629,40018,view,2024-08-08 06:55:23
1693,117,46492,like,2022-12-15 09:48:42
1694,1617,21054,share,2023-01-24 01:50:31
1695,879,19861,share,2022-06-25 19:25:09
1696,1804,28823,comment,2024-12-26 07:43:46
1697,868,23849,share,2023-10-29 05:23:17
1698,1820,49307,share,2023-12-26 04:03:26
1699,488,39869,share,2024-10-13 00:49:49
1700,1218,34083,read,2023-12-22 09:40:53
1701,1193,24992,share,2025-02-07 11:54:17
1702,1550,14143,share,2022-06-04 21:04:13
1703,1912,32002,view,2023-01-07 11:49:08
1704,494,14455,share,2024-02-28 08:12:07
1705,868,26132,read,2022-10-15 18:17:22
1706,1537,20842,share,2024-11-24 23:54:57
1707,1693,11271,comment,2024-01-10 05:46:02
1708,1613,2557,read,2022-06-18 12:21:58
1709,959,40546,like,2023-09-15 21:17:13
1710,407,21085,read,2025-02-27 07:17:11
1711,905,32099,view,2023-08-30 15:47:32
1712,1329,10071,like,2022-10-27 18:42:48
1713,1244,23912,read,2024-05-21 10:17:52
1714,1391,37246,view,2022-04-13 20:14:14
1715,468,30975,comment,2022-09-18 00:06:25
1716,1420,2331,comment,2024-10-28 10:46:30
1717,158,35717,view,2024-04-16 01:03:39
1718,257,46446,share,2024-08-19 09:29:46
1719,1647,38615,share,2024-06-18 19:24:32
1720,145,43533,view,2024-08-15 08:06:51
1721,522,39702,like,2024-09-12 01:31:48
1722,730,17946,view,2024-01-13 21:55:39
1723,686,17556,read,2023-12-09 20:12:21
1724,74,27639,view,2024-08-23 17:22:57
1725,721,27369,comment,2023-08-27 07:06:00
1726,1815,30055,comment,2023-12-15 12:11:12
1727,277,24016,read,2024-05-13 13:55:02
1728,1042,14883,read,2022-06-06 13:49:03
1729,1075,37854,share,2024-10-19 02:30:38
1730,198,49503,share,2025-01-01 05:32:59
1731,50,34734,like,2023-08-02 16:47:06
1732,1160,48534,view,2024-09-24 15:06:51
1733,1855,40225,view,2023-07-08 09:04:15
1734,1751,46138,view,2022-06-19 07:09:27
1735,1414,48200,like,2023-05-31 12:46:36
1736,1771,49921,share,2022-09-22 12:02:21
1737,1062,23668,share,2023-11-03 09:56:50
1738,1256,8150,view,2025-01-17 10:49:17
1739,286,17290,read,2024-08-05 18:24:35
1740,1474,28436,share,2023-09-20 05:32:41
1741,746,23972,view,2024-09-14 10:50:17
1742,358,28843,like,2022-05-13 12:29:55
1743,1227,18470,comment,2025-01-31 09:30:46
1744,285,3936,read,2023-08-16 00:04:07
1745,1139,46749,comment,2023-11-20 09:33:32
1746,939,22098,view,2023-06-19 06:45:13
1747,1128,29970,share,2024-08-03 15:42:17
1748,1718,49681,share,2024-05-02 23:55:38
1749,1830,12209,comment,2024-10-25 13:47:02
1750,1364,7361,like,2023-05-28 17:48:16
1751,967,21286,like,2023-01-26 13:55:41
1752,792,38900,view,2025-02-22 15:32:01
1753,775,32611,view,2024-06-19 10:53:37
1754,1434,18317,like,2022-11-17 06:54:26
1755,1717,5766,read,2024-09-26 19:49:40
1756,17,38875,like,2023-10-27 20:08:42
1757,92,37288,like,2024-03-18 19:32:52
1758,711,33185,view,2024-12-28 15:33:45
1759,896,39948,read,2023-08-07 05:14:45
1760,1902,9602,share,2025-03-04 10:51:52
1761,1875,31811,share,2022-03-24 00:02:27
1762,776,6205,read,2024-10-18 06:22:59
1763,1940,40619,comment,2024-04-15 06:37:24
1764,621,44659,read,2023-10-19 19:18:30
1765,1796,38373,comment,2024-07-20 05:53:49
1766,380,44265,read,2023-12-30 01:26:51
1767,1928,41083,comment,2023-02-14 02:59:50
1768,1394,36626,read,2024-09-04 15:43:56
1769,1402,4079,share,2024-07-06 20:24:41
1770,448,12231,view,2023-06-04 14:23:09
1771,452,25200,comment,2024-03-13 10:44:41
1772,372,8572,share,2024-12-05 20:25:15
1773,331,1523,like,2022-12-26 12:07:12
1774,1121,47631,like,2024-05-17 04:48:00
1775,1210,15313,comment,2022-09-16 01:28:26
1776,121,7246,view,2023-12-27 05:23:40
1777,1101,32873,share,2022-10-06 02:41:19
1778,1236,36537,view,2022-12-21 20:25:46
1779,1553,2314,comment,2024-01-28 09:45:35
1780,1050,45812,comment,2022-04-24 06:44:57
1781,56,34289,share,2024-02-07 23:24:17
1782,216,4298,read,2023-02-21 04:46:59
1783,96,28177,read,2022-10-30 09:22:39
1784,1309,18959,comment,2022-12-27 01:03:52
1785,95,26149,comment,2025-01-31 13:16:17
1786,1454,26838,view,2024-07-19 03:34:42
1787,1408,34148,read,2022-10-21 05:53:15
1788,1279,24564,view,2022-06-22 21:43:49
1789,1495,43735,comment,2022-04-05 09:43:27
1790,641,13211,share,2022-09-14 09:07:33
1791,1538,14549,read,2023-09-29 17:47:24
1792,688,38034,like,2023-08-04 07:51:35
1793,839,19172,view,2024-10-15 06:53:46
1794,81,48576,read,2023-03-11 04:56:00
1795,327,17414,like,2024-08-21 16:25:58
1796,128,17193,comment,2024-11-09 05:19:15
1797,1620,19240,share,2022-11-22 20:28:15
1798,857,27041,share,2022-05-28 16:16:56
1799,1934,44667,share,2024-01-07 23:04:50
1800,1023,46679,read,2022-11-03 16:13:41
1801,1039,22598,share,2024-07-01 19:27:00
1802,239,15285,view,2023-09-29 18:57:41
1803,571,23211,like,2023-04-03 16:00:13
1804,516,25614,view,2023-05-24 07:44:25
1805,728,14378,comment,2023-04-17 08:37:29
1806,1285,47361,like,2022-06-30 17:49:08
1807,934,37362,share,2022-10-11 11:26:18
1808,1687,23160,view,2024-02-09 06:16:17
1809,124,38026,share,2023-11-16 18:38:26
1810,1261,10743,view,2023-10-26 16:03:44
1811,18,7854,read,2022-09-29 12:48:35
1812,1822,26910,view,2024-07-19 16:52:26
1813,672,15901,view,2023-10-28 23:16:31
1814,1179,41006,comment,2022-07-11 21:13:02
1815,247,12915,like,2023-11-10 15:10:32
1816,1960,37342,read,2024-08-07 05:29:09
1817,1718,25165,read,2023-02-19 11:10:45
1818,1305,46181,read,2023-01-28 05:52:02
1819,165,19104,view,2023-09-06 16:57:40
1820,742,27916,comment,2022-12-05 20:29:26
1821,608,33702,share,2022-03-12 12:48:41
1822,235,39149,like,2023-12-13 11:34:58
1823,159,17078,read,2023-09-09 01:58:27
1824,751,24412,like,2023-05-04 02:09:15
1825,258,47894,comment,2023-08-17 10:50:48
1826,527,13376,share,2024-09-09 16:47:41
1827,73,40150,share,2022-04-05 06:35:35
1828,1657,34212,comment,2022-10-17 15:59:10
1829,1686,20669,like,2022-07-01 22:43:46
1830,1476,35962,share,2023-11-05 22:34:43
1831,291,26483,like,2023-03-20 03:02:17
1832,765,5153,like,2022-11-19 03:22:10
1833,156,35855,view,2022-09-18 14:30:32
1834,1250,47708,read,2024-07-02 23:16:24
1835,1824,22160,comment,2022-08-03 18:15:33
1836,74,38981,like,2024-01-08 07:16:34
1837,1480,22445,like,2023-08-01 07:38:23
1838,782,21787,comment,2023-06-24 06:15:36
1839,930,27344,read,2022-05-21 18:23:26
1840,1036,1414,like,2022-08-05 04:07:48
1841,1203,8397,view,2022-09-04 23:26:55
1842,60,6925,share,2024-05-27 17:26:21
1843,515,49112,share,2024-10-30 19:32:39
1844,871,29737,read,2024-10-30 07:34:18
1845,922,43901,share,2023-06-07 13:19:06
1846,702,44499,view,2022-11-13 00:31:36
1847,1774,8633,like,2024-11-25 05:36:06
1848,36,3892,comment,2022-05-22 17:51:51
1849,613,40560,like,2022-09-22 03:48:46
1850,258,22203,comment,2022-10-30 23:56:07
1851,1650,22565,like,2025-01-08 17:02:24
1852,954,31749,like,2024-03-18 14:11:53
1853,1692,9016,comment,2022-06-29 09:07:15
1854,279,8476,read,2023-11-15 22:52:05
1855,1078,37257,like,2022-07-01 05:52:21
1856,1375,24184,read,2023-07-06 16:35:48
1857,1240,34204,read,2024-02-17 15:29:47
1858,1963,36304,comment,2022-08-13 11:16:04
1859,1067,8150,view,2025-02-03 04:10:52
1860,1388,45295,view,2025-02-08 05:59:20
1861,1311,4976,share,2024-08-04 10:32:32
1862,973,29695,like,2024-02-03 12:41:08
1863,478,5298,share,2024-09-27 22:17:05
1864,1036,31688,comment,2024-11-25 12:13:36
1865,1963,30427,comment,2024-10-26 11:06:19
1866,1110,42304,read,2022-09-02 02:41:27
1867,393,23182,share,2023-12-18 00:59:35
1868,1359,4474,share,2025-02-03 05:56:49
1869,356,13828,share,2023-02-15 23:28:20
1870,1524,3202,like,2022-06-11 09:52:21
1871,939,29615,read,2023-09-29 21:36:59
1872,788,16787,comment,2023-01-03 02:34:00
1873,195,28005,read,2024-01-25 20:05:28
1874,706,41053,share,2024-09-25 23:03:03
1875,1601,39505,like,2022-06-11 04:39:20
1876,1464,6410,comment,2024-05-13 11:31:54
1877,1856,39588,share,2023-03-11 11:26:12
1878,1836,2790,read,2022-10-14 07:33:22
1879,659,34052,share,2023-09-12 16:20:03
1880,130,33622,view,2023-12-31 13:25:55
1881,599,23373,share,2024-02-08 12:53:51
1882,1766,1902,share,2023-05-12 01:33:27
1883,1678,37914,share,2024-12-08 16:30:38
1884,1955,41162,view,2024-03-24 13:58:20
1885,751,9302,share,2024-10-03 02:12:51
1886,699,2035,like,2022-06-18 20:27:00
1887,1184,7862,comment,2024-03-26 14:50:37
1888,883,32046,read,2024-06-16 04:52:18
1889,1846,44915,read,2022-10-23 10:31:56
1890,1412,48156,read,2023-07-12 17:13:27
1891,1666,16182,share,2022-05-09 19:47:52
1892,673,3333,read,2022-08-30 03:46:38
1893,1809,26389,like,2024-06-09 14:16:43
1894,1883,45330,share,2023-08-03 04:44:12
1895,1750,41755,read,2023-03-06 08:45:00
1896,335,47784,comment,2024-06-02 11:08:09
1897,1361,41694,view,2025-02-26 17:47:36
1898,103,42596,like,2023-03-26 04:07:03
1899,581,46846,view,2022-10-05 07:38:42
1900,1609,13410,read,2024-01-05 21:13:15
1901,1305,2507,read,2023-11-07 06:06:38
1902,1854,31828,view,2022-07-24 12:25:43
1903,1327,32956,comment,2023-09-12 07:19:10
1904,262,47120,comment,2023-08-08 04:36:54
1905,1287,30392,read,2023-02-25 06:45:06
1906,1606,27488,share,2023-07-21 06:47:18
1907,1358,39147,share,2024-03-22 23:50:18
1908,1394,11570,comment,2024-01-03 13:10:13
1909,958,26046,comment,2023-08-17 11:00:31
1910,703,17642,read,2023-01-02 14:38:14
1911,274,1816,read,2024-12-05 23:06:08
1912,361,33844,read,2024-12-21 12:09:07
1913,1487,8643,read,2023-12-01 21:55:04
1914,1509,27593,view,2023-05-03 03:17:56
1915,1670,22311,like,2022-09-22 23:16:49
1916,767,35602,comment,2023-10-27 16:08:12
1917,82,14907,share,2022-10-25 14:42:10
1918,942,42997,view,2023-05-22 09:57:59
1919,1796,1144,share,2023-09-04 21:49:30
1920,1724,21996,read,2024-06-10 07:43:20
1921,1006,11917,read,2024-10-27 00:21:46
1922,1944,21942,comment,2022-03-18 08:00:01
1923,711,8466,share,2024-03-02 10:57:06
1924,765,26402,read,2022-07-23 10:54:43
1925,1590,48956,comment,2024-10-19 16:57:52
1926,1077,13044,read,2024-03-23 21:31:40
1927,1951,7461,comment,2023-02-19 23:16:51
1928,838,16659,like,2024-02-15 15:33:32
1929,1206,39231,read,2022-10-29 22:33:41
1930,965,17154,share,2024-12-12 02:34:17
1931,1693,35744,read,2022-10-03 02:06:47
1932,965,13614,comment,2024-01-08 13:38:57
1933,975,7671,share,2024-10-21 18:33:49
1934,1500,31393,like,2023-05-24 12:49:22
1935,666,45811,view,2024-10-22 16:46:55
1936,333,7018,view,2024-02-11 00:06:58
1937,661,49182,share,2024-03-22 15:30:27
1938,128,12278,comment,2023-05-14 13:10:45
1939,512,22418,view,2022-11-12 22:00:17
1940,1784,21993,share,2024-01-11 19:23:13
1941,1585,16454,share,2023-03-15 02:27:45
1942,1214,31973,like,2023-07-31 12:56:41
1943,1538,24311,comment,2023-12-03 22:09:50
1944,1495,34456,read,2024-05-06 10:23:23
1945,545,43535,read,2022-10-05 05:26:07
1946,1693,18088,share,2022-04-13 15:11:27
1947,726,31090,share,2024-01-26 07:29:03
1948,1581,21669,like,2023-03-19 07:06:39
1949,1947,40201,comment,2022-08-27 23:48:33
1950,454,47076,view,2022-05-03 01:48:00
1951,1681,31859,share,2023-04-07 01:55:16
1952,1624,21465,read,2024-04-05 12:24:45
1953,190,34692,share,2022-10-13 06:27:00
1954,723,47411,share,2023-02-11 02:15:43
1955,4,35542,view,2022-09-09 18:32:38
1956,684,25289,comment,2023-10-27 02:17:22
1957,1168,2358,like,2023-04-08 10:36:08
1958,1599,49125,share,2022-10-11 23:17:55
1959,159,38958,comment,2025-03-04 21:14:56
1960,247,33494,comment,2024-01-13 03:07:42
1961,1021,34672,comment,2025-01-08 15:44:25
1962,383,3404,like,2024-08-06 04:35:40
1963,1299,30846,view,2022-10-24 04:55:14
1964,1520,31104,read,2024-09-23 10:51:49
1965,646,20242,share,2023-10-22 02:09:33
1966,881,17393,read,2022-04-30 17:41:33
1967,84,30108,comment,2024-03-29 02:11:11
1968,1430,15088,like,2022-03-18 13:33:27
1969,688,11925,view,2023-08-18 01:29:04
1970,342,1121,share,2024-11-27 15:38:20
1971,1874,24901,read,2022-09-21 15:40:45
1972,385,41006,view,2024-02-15 18:22:54
1973,319,49927,share,2023-02-05 07:51:32
1974,1684,23522,comment,2023-05-23 03:42:53
1975,1383,25145,like,2024-09-01 23:42:11
1976,1975,4685,share,2024-11-28 07:36:27
1977,872,28862,view,2022-11-26 03:23:19
1978,1668,30757,read,2024-08-26 09:01:45
1979,466,40113,view,2023-07-28 16:40:15
1980,1693,46540,view,2024-02-13 07:57:20
1981,664,30611,like,2023-08-12 02:27:27
1982,205,13138,view,2023-07-12 05:43:53
1983,1451,43232,view,2022-04-24 12:36:25
1984,1615,20004,comment,2024-04-06 10:38:21
1985,986,22823,share,2022-11-14 00:33:57
1986,1228,33004,view,2023-08-17 12:22:58
1987,59,6160,view,2022-10-27 21:19:29
1988,1917,5440,view,2023-09-30 22:13:13
1989,903,49030,share,2022-06-24 05:57:08
1990,1425,10722,comment,2024-07-07 19:18:53
1991,153,28149,view,2023-04-29 18:33:20
1992,177,4225,share,2023-12-07 16:30:48
1993,1789,49656,comment,2024-05-29 05:43:22
1994,1583,31917,like,2024-10-16 00:00:41
1995,1456,8124,read,2022-12-17 18:07:23
1996,1114,20819,like,2024-04-25 14:26:36
1997,1102,44219,comment,2023-02-17 03:56:39
1998,530,15859,comment,2022-11-05 20:58:40
1999,1621,5477,comment,2022-10-06 02:17:25
2000,597,27318,view,2024-06-02 04:46:53
